date,state,suburb,postcode,bedrooms,dwelling_type,weekly_rent
2024-12-07,TAS,MORNINGTON,7018,4,Separate House,600.0
2024-11-29,TAS,REDPA,7330,2,Separate House,330.0
2025-01-03,TAS,DEVONPORT,7310,3,Separate House,390.0
2025-01-03,TAS,ELLIOTT,7325,3,Separate House,430.0
2025-01-10,TAS,MAYFIELD,7248,3,Separate House,430.0
2025-01-10,TAS,NORWOOD,7250,3,Separate House,475.0
2025-01-10,TAS,MOWBRAY,7248,2,Separate House,400.0
2025-01-15,TAS,HADSPEN,7290,3,Separate House,470.0
2024-12-18,TAS,ROCHERLEA,7248,2,Unit,162.43
2024-12-06,TAS,ROCHERLEA,7248,2,Separate House,238.15
2024-12-18,TAS,ROCHERLEA,7248,2,Unit,241.2
2025-01-11,TAS,LATROBE,7307,1,Unit,280.0
2025-01-13,TAS,SCOTTSDALE,7260,2,Unit,320.0
2025-01-10,TAS,MOWBRAY,7248,1,Unit,154.0
2025-01-10,TAS,DEVONPORT,7310,3,Separate House,460.0
2025-01-17,TAS,MOWBRAY,7248,3,Separate House,430.0
2025-01-15,TAS,GAGEBROOK,7030,3,Separate House,430.0
2025-01-13,TAS,CLAREMONT,7011,2,Townhouse,600.0
2024-12-20,TAS,HUONVILLE,7109,3,Unit,460.0
2025-01-08,TAS,GEORGE TOWN,7253,3,Separate House,400.0
2025-01-17,TAS,PROSPECT VALE,7250,2,Unit,450.0
2024-07-20,TAS,SANDY BAY,7005,2,Unit,700.0
2025-01-14,TAS,ROMAINE,7320,3,Separate House,410.0
2025-01-31,TAS,SCAMANDER,7215,4,Separate House,475.0
2025-01-17,TAS,GAGEBROOK,7030,4,Separate House,460.0
2025-01-17,TAS,GEORGE TOWN,7253,3,Separate House,450.0
2025-01-17,TAS,BOOMER BAY,7177,3,Separate House,380.0
2025-01-17,TAS,DEVONPORT,7310,3,Separate House,415.0
2024-11-22,TAS,WYNYARD,7325,3,Separate House,270.0
2025-01-23,TAS,ULVERSTONE,7315,2,Unit,430.0
2025-01-24,TAS,WESTERWAY,7140,3,Separate House,425.0
2025-01-25,TAS,LATROBE,7307,3,Separate House,375.0
2025-01-21,TAS,NEW NORFOLK,7140,3,Unit,390.0
2025-01-18,TAS,GEEVESTON,7116,2,Unit,300.0
2025-01-24,TAS,PORT SORELL,7307,2,Unit,380.0
2025-01-24,TAS,RAVENSWOOD,7250,3,Separate House,390.0
2025-01-17,TAS,BRIDGEWATER,7030,3,Separate House,430.0
2025-01-21,TAS,YOUNGTOWN,7249,3,Unit,500.0
2025-01-24,TAS,RAVENSWOOD,7250,3,Separate House,480.0
2025-01-21,TAS,SMITHTON,7330,1,Apartment,300.0
2025-01-24,TAS,CLARENDON VALE,7019,3,Separate House,530.0
2025-02-05,TAS,MONTELLO,7320,3,Separate House,385.0
2025-01-29,TAS,RAVENSWOOD,7250,3,Separate House,380.0
2025-01-21,TAS,BRIDGEWATER,7030,3,Separate House,450.0
2025-01-21,TAS,LENAH VALLEY,7008,2,Separate House,430.0
2025-01-31,TAS,SMITHTON,7330,3,Separate House,400.0
2025-01-24,TAS,OLD BEACH,7017,4,Separate House,700.0
2024-06-11,TAS,NEW TOWN,7008,3,Unit,420.0
2025-02-07,TAS,SOUTH HOBART,7004,2,Apartment,440.0
2025-01-24,TAS,WYNYARD,7325,2,Unit,370.0
2025-01-24,TAS,NEWNHAM,7248,4,Separate House,410.0
2025-01-18,TAS,HERDSMANS COVE,7030,3,Separate House,480.0
2025-02-13,TAS,ROSE BAY,7015,1,Flat,350.0
2025-02-04,TAS,BRIDGEWATER,7030,3,Separate House,460.0
2025-01-31,TAS,PENGUIN,7316,1,Unit,200.0
2025-02-03,TAS,MORNINGTON,7018,3,Separate House,440.0
2025-01-30,TAS,TREVALLYN,7250,2,Unit,300.0
2025-01-27,TAS,FRANKLIN,7113,1,Flat,320.0
2025-02-14,TAS,MAYFIELD,7248,2,Separate House,370.0
2025-02-05,TAS,RAVENSWOOD,7250,3,Separate House,430.0
2025-01-31,TAS,ROKEBY,7019,3,Separate House,480.0
2025-02-04,TAS,DELORAINE,7304,2,Separate House,370.0
2025-01-31,TAS,GEORGE TOWN,7253,3,Separate House,420.0
2025-01-31,TAS,PROSPECT,7250,2,Unit,260.0
2025-01-31,TAS,NEW NORFOLK,7140,2,Separate House,470.0
2025-01-31,TAS,MIANDETTA,7310,3,Unit,450.0
2025-01-17,TAS,MOUNT STUART,7000,1,Unit,365.0
2025-02-04,TAS,WEST MOONAH,7009,2,Unit,230.0
2025-02-21,TAS,SORELL,7172,3,Separate House,520.0
2025-01-10,TAS,LOWER LONGLEY,7109,3,Separate House,650.0
2025-01-30,TAS,KINGS MEADOWS,7249,3,Separate House,485.0
2025-01-31,TAS,ROKEBY,7019,3,Separate House,590.0
2025-01-06,TAS,BURNIE,7320,2,Unit,320.0
2025-01-24,TAS,ORFORD,7190,3,Separate House,500.0
2025-02-06,TAS,SWANSEA,7190,1,Unit,330.0
2024-08-20,TAS,NEW TOWN,7008,1,Unit,293.04
2025-02-06,TAS,BLACKMANS BAY,7052,2,Unit,440.0
2025-02-01,TAS,HOWRAH,7018,3,Separate House,540.0
2025-01-29,TAS,WYNYARD,7325,2,Separate House,340.0
2025-01-23,TAS,CAMBRIDGE,7170,4,Separate House,650.0
2025-01-15,TAS,MOLE CREEK,7304,3,Separate House,390.0
2025-03-12,TAS,KINGSTON,7050,2,Townhouse,495.0
2024-12-28,TAS,MOONAH,7009,1,Unit,310.0
2025-02-21,TAS,WEST LAUNCESTON,7250,3,Separate House,450.0
2025-01-24,TAS,GLENORCHY,7010,4,Separate House,700.0
2025-01-06,TAS,NORTH HOBART,7000,2,Apartment,670.0
2025-01-21,TAS,LAUNCESTON,7250,2,Unit,450.0
2025-01-02,TAS,BELLERIVE,7018,4,Townhouse,200.0
2025-02-03,TAS,LATROBE,7307,3,Unit,485.0
2025-01-28,TAS,GRAY,7215,3,Separate House,400.0
2025-02-06,TAS,CLAREMONT,7011,3,Unit,530.0
2025-01-14,TAS,SULPHUR CREEK,7316,3,Separate House,450.0
2025-01-27,TAS,TREVALLYN,7250,2,Separate House,495.0
2025-02-10,TAS,RIVERSIDE,7250,1,Unit,320.0
2025-01-28,TAS,KINGS MEADOWS,7249,1,Unit,275.0
2025-01-21,TAS,SMITHTON,7330,1,Unit,230.0
2025-02-14,TAS,KINGSTON,7050,3,Separate House,630.0
2025-02-03,TAS,GLENORCHY,7010,3,Separate House,580.0
2025-01-31,TAS,SOUTH LAUNCESTON,7249,3,Separate House,450.0
2025-01-31,TAS,SOUTH LAUNCESTON,7249,1,Unit,350.0
2025-01-23,TAS,RIVERSIDE,7250,2,Separate House,460.0
2024-01-23,TAS,NORTH HOBART,7000,2,Unit,550.0
2025-01-17,TAS,SANDY BAY,7005,2,Unit,460.0
2025-01-28,TAS,KINGSTON,7050,2,Separate House,182.0
2025-01-24,TAS,WEST ULVERSTONE,7315,2,Separate House,430.0
2025-02-17,TAS,GLENORCHY,7010,3,Semi-detached,470.0
2025-01-15,TAS,ROSEBERY,7470,3,Separate House,260.0
2025-02-07,TAS,BRIDGEWATER,7030,4,Separate House,460.0
2025-01-28,TAS,SOUTH LAUNCESTON,7249,2,Apartment,565.0
2025-01-17,TAS,SMITHTON,7330,3,Separate House,400.0
2025-01-08,TAS,GLENORCHY,7010,2,Unit,460.0
2025-01-24,TAS,COOEE,7320,3,Separate House,550.0
2025-01-20,TAS,CURRIE,7256,4,Separate House,500.0
2025-01-28,TAS,YOUNGTOWN,7249,3,Separate House,590.0
2025-02-14,TAS,ROKEBY,7019,3,Separate House,430.0
2025-02-03,TAS,NORTH HOBART,7000,2,Separate House,630.0
2025-01-16,TAS,ROSEBERY,7470,3,Separate House,340.0
2025-02-03,TAS,HOBART,7000,2,Apartment,570.0
2025-02-18,TAS,LONGFORD,7301,2,Unit,490.0
2025-01-10,TAS,DEVONPORT,7310,3,Separate House,510.0
2025-02-17,TAS,HOBART,7000,3,Separate House,630.0
2025-01-10,TAS,SANDY BAY,7005,2,Unit,425.0
2025-01-16,TAS,HOBART,7000,2,Apartment,650.0
2025-02-28,TAS,DEVONPORT,7310,2,Unit,425.0
2025-02-21,TAS,LENAH VALLEY,7008,3,Unit,540.0
2025-01-27,TAS,SHOREWELL PARK,7320,2,Unit,230.85
2025-01-16,TAS,DYNNYRNE,7005,3,Unit,490.0
2025-01-31,TAS,HOWRAH,7018,2,Apartment,430.0
2025-01-11,TAS,WEST HOBART,7000,5,Separate House,850.0
2025-01-20,TAS,LINDISFARNE,7015,5,Separate House,950.0
2025-01-23,TAS,MOUNT STUART,7000,3,Separate House,595.0
2025-01-13,TAS,MOONAH,7009,2,Unit,400.0
2024-11-15,TAS,ROCHERLEA,7248,1,Unit,233.4
2025-01-14,TAS,HOWRAH,7018,3,Separate House,600.0
2025-02-14,TAS,MIDWAY POINT,7171,4,Townhouse,570.0
2025-01-15,TAS,UPPER BURNIE,7320,3,Separate House,375.0
2025-01-06,TAS,PROSPECT VALE,7250,2,Unit,390.0
2025-01-24,TAS,INVERMAY,7248,2,Separate House,430.0
2025-02-25,TAS,DEVONPORT,7310,3,Separate House,450.0
2025-01-10,TAS,NEW TOWN,7008,3,Separate House,700.0
2025-02-10,TAS,BRIDGEWATER,7030,3,Townhouse,480.0
2025-01-06,TAS,SANDY BAY,7005,2,Unit,450.0
2025-01-31,TAS,WEST HOBART,7000,4,Separate House,885.0
2025-02-10,TAS,SOUTH HOBART,7004,2,Flat,450.0
2025-01-08,TAS,GEORGE TOWN,7253,3,Separate House,350.0
2025-01-28,TAS,WYNYARD,7325,2,Unit,320.0
2025-02-17,TAS,SOUTH LAUNCESTON,7249,3,Townhouse,560.0
2025-01-20,TAS,BELLERIVE,7018,2,Apartment,440.0
2025-01-14,TAS,EAST DEVONPORT,7310,2,Unit,184.0
2025-01-21,TAS,SOUTH HOBART,7004,1,Flat,350.0
2025-02-13,TAS,BLACKMANS BAY,7052,3,Separate House,525.0
2025-01-20,TAS,KINGSTON,7050,2,Unit,400.0
2025-01-20,TAS,SCOTTSDALE,7260,2,Unit,230.0
2025-01-31,TAS,LAUNCESTON,7250,2,Unit,510.0
2025-01-29,TAS,AUSTINS FERRY,7011,3,Separate House,600.0
2025-01-06,TAS,STRAHAN,7468,3,Separate House,280.0
2025-02-01,TAS,VERONA SANDS,7112,2,Separate House,400.0
2025-02-20,TAS,BATTERY POINT,7004,1,Apartment,450.0
2025-01-17,TAS,NUBEENA,7184,2,Separate House,350.0
2025-01-07,TAS,SANDY BAY,7005,2,Unit,340.0
2024-01-23,TAS,CLAREMONT,7011,2,Unit,480.0
2025-01-17,TAS,HOBART,7000,1,Unit,570.0
2025-02-14,TAS,MORNINGTON,7018,3,Separate House,550.0
2025-01-20,TAS,TREVALLYN,7250,1,Unit,330.0
2025-04-22,TAS,EMU HEIGHTS,7320,4,Separate House,350.0
2025-01-15,TAS,CARLTON RIVER,7173,2,Separate House,450.0
2025-01-17,TAS,FERN TREE,7054,2,Separate House,650.0
2025-02-06,TAS,HOBART,7000,1,Apartment,320.0
2025-02-26,TAS,WEST LAUNCESTON,7250,4,Separate House,750.0
2025-01-31,TAS,WEST HOBART,7000,3,Unit,695.0
2025-01-24,TAS,RIVERSIDE,7250,3,Separate House,510.0
2025-01-21,TAS,CLARENDON VALE,7019,3,Separate House,480.0
2025-01-24,TAS,NEW NORFOLK,7140,2,Unit,81.0
2025-01-21,TAS,CLAREMONT,7011,3,Separate House,510.0
2025-02-07,TAS,SUMMERHILL,7250,3,Separate House,450.0
2025-02-04,TAS,HOBART,7000,3,Unit,675.0
2025-01-17,TAS,CHIGWELL,7011,2,Unit,90.0
2025-02-07,TAS,WHITE BEACH,7184,4,Separate House,550.0
2025-02-11,TAS,MOWBRAY,7248,3,Unit,520.0
2025-02-11,TAS,LENAH VALLEY,7008,2,Separate House,670.0
2025-02-04,TAS,HOBART,7000,1,Apartment,320.0
2025-01-23,TAS,SOUTH LAUNCESTON,7249,3,Separate House,626.0
2025-02-07,TAS,MOONAH,7009,3,Separate House,570.0
2025-01-10,TAS,WEST MOONAH,7009,1,Unit,400.0
2025-01-18,TAS,KETTERING,7155,3,Separate House,550.0
2025-01-22,TAS,INVERMAY,7248,3,Separate House,240.0
2025-02-14,TAS,GEORGE TOWN,7253,2,Unit,290.0
2024-01-27,TAS,SANDY BAY,7005,2,Unit,500.0
2025-01-22,TAS,INVERMAY,7248,3,Separate House,460.0
2025-02-03,TAS,HOBART,7000,1,Apartment,320.0
2025-01-13,TAS,RIVERSIDE,7250,2,Separate House,490.0
2025-02-06,TAS,BERRIEDALE,7011,3,Separate House,550.0
2025-01-31,TAS,HUONVILLE,7109,3,Separate House,440.0
2025-01-14,TAS,EAST DEVONPORT,7310,1,Unit,137.49
2025-01-24,TAS,WEST HOBART,7000,2,Townhouse,490.0
2025-02-07,TAS,GLENORCHY,7010,2,Unit,545.0
2025-01-18,TAS,LAUNCESTON,7250,1,Apartment,450.0
2025-01-25,TAS,OAKDOWNS,7019,2,Townhouse,530.0
2025-01-20,TAS,PROSPECT VALE,7250,3,Separate House,600.0
2025-01-15,TAS,LAUNCESTON,7250,2,Unit,510.0
2026-01-23,TAS,SUMMERHILL,7250,2,Unit,460.0
2025-01-22,TAS,NEWNHAM,7248,4,Townhouse,680.0
2025-01-30,TAS,HOWRAH,7018,4,Separate House,805.0
2025-01-24,TAS,BATTERY POINT,7004,2,Apartment,1100.0
2025-02-12,TAS,SOUTH HOBART,7004,1,Flat,650.0
2025-01-28,TAS,NEW TOWN,7008,1,Unit,360.0
2025-01-21,TAS,MOONAH,7009,3,Separate House,625.0
2025-02-17,TAS,GLEBE,7000,1,Townhouse,240.0
2025-02-07,TAS,NEW NORFOLK,7140,3,Unit,530.0
2025-01-31,TAS,MIDWAY POINT,7171,4,Separate House,750.0
2025-01-31,TAS,GLENORCHY,7010,3,Separate House,550.0
2025-01-24,TAS,WEST MOONAH,7009,1,Flat,390.0
2025-02-21,TAS,GLENORCHY,7010,3,Separate House,520.0
2025-01-31,TAS,NEWNHAM,7248,1,Unit,310.0
2025-02-05,TAS,HOBART,7000,1,Apartment,320.0
2025-02-06,TAS,DOVER,7117,3,Separate House,520.0
2025-01-28,TAS,ACTON,7320,3,Separate House,340.0
2025-01-17,TAS,BATTERY POINT,7004,2,Unit,550.0
2025-01-29,TAS,HOBART,7000,2,Unit,780.0
2025-01-14,TAS,MOONAH,7009,3,Separate House,510.0
2025-01-24,TAS,RISDON VALE,7016,3,Separate House,500.0
2025-01-31,TAS,TURNERS BEACH,7315,2,Unit,460.0
2025-02-07,TAS,CLAREMONT,7011,3,Separate House,550.0
2025-01-22,TAS,WEST HOBART,7000,3,Separate House,600.0
2025-01-13,TAS,DEVONPORT,7310,5,Separate House,750.0
2025-02-27,TAS,EAST LAUNCESTON,7250,3,Separate House,475.0
2025-01-22,TAS,LAUNCESTON,7250,3,Townhouse,600.0
2025-02-25,TAS,GLENORCHY,7010,2,Unit,440.0
2025-01-15,TAS,WEST ULVERSTONE,7315,3,Separate House,278.37
2025-01-22,TAS,BRIGHTON,7030,2,Unit,430.0
2025-01-15,TAS,SOUTH LAUNCESTON,7249,1,Unit,400.0
2025-01-31,TAS,GLENORCHY,7010,3,Separate House,600.0
2025-01-21,TAS,BEAUTY POINT,7270,3,Separate House,350.0
2025-02-05,TAS,SANDY BAY,7005,4,Unit,750.0
2025-01-15,TAS,TREVALLYN,7250,3,Separate House,490.0
2025-02-03,TAS,HOBART,7000,1,Apartment,320.0
2025-01-23,TAS,ST HELENS,7216,3,Separate House,450.0
2025-01-16,TAS,BATTERY POINT,7004,1,Townhouse,525.0
2025-01-31,TAS,WEST LAUNCESTON,7250,1,Unit,370.0
2025-02-24,TAS,MOWBRAY,7248,2,Unit,450.0
2025-01-31,TAS,HOWRAH,7018,3,Separate House,650.0
2025-01-21,TAS,ULVERSTONE,7315,3,Separate House,315.0
2025-02-15,TAS,KINGSTON,7050,4,Separate House,200.0
2025-01-04,TAS,SOUTH LAUNCESTON,7249,3,Semi-detached,500.0
2025-01-30,TAS,WEST LAUNCESTON,7250,1,Unit,240.0
2025-02-20,TAS,HAWLEY BEACH,7307,3,Separate House,600.0
2025-02-04,TAS,HUONVILLE,7109,2,Separate House,350.0
2025-01-24,TAS,KINGSTON,7050,4,Separate House,750.0
2025-01-20,TAS,GLENORCHY,7010,3,Separate House,550.0
2025-01-24,TAS,MOWBRAY,7248,3,Separate House,470.0
2025-01-28,TAS,NEWSTEAD,7250,3,Separate House,480.0
2025-01-06,TAS,DYNNYRNE,7005,1,Apartment,460.0
2025-02-07,TAS,NEWNHAM,7248,3,Separate House,450.0
2025-01-14,TAS,WYNYARD,7325,3,Separate House,390.0
2025-02-27,TAS,GLENORCHY,7010,2,Separate House,350.0
2025-02-05,TAS,HOBART,7000,1,Apartment,320.0
2025-01-17,TAS,NEWNHAM,7248,4,Separate House,640.0
2025-01-10,TAS,SANDY BAY,7005,2,Flat,665.0
2025-01-28,TAS,SANDY BAY,7005,2,Apartment,430.0
2025-01-16,TAS,CYGNET,7112,1,Separate House,250.0
2025-02-07,TAS,DEVONPORT,7310,3,Separate House,380.0
2025-01-24,TAS,TOGARI,7330,3,Separate House,125.0
2025-01-31,TAS,SANDY BAY,7005,1,Apartment,310.0
2025-02-05,TAS,PARKLANDS,7320,2,Separate House,450.0
2025-02-17,TAS,BATTERY POINT,7004,2,Unit,700.0
2025-02-14,TAS,HOWRAH,7018,3,Separate House,540.0
2025-02-04,TAS,HOBART,7000,1,Apartment,320.0
2025-01-31,TAS,BEAUMARIS,7215,3,Separate House,350.0
2025-01-09,TAS,FORCETT,7173,1,Unit,300.0
2024-02-03,TAS,ROKEBY,7019,3,Unit,615.0
2025-02-11,TAS,TAROONA,7053,2,Separate House,480.0
2025-01-13,TAS,GEEVESTON,7116,3,Separate House,450.0
2025-01-16,TAS,SANDY BAY,7005,1,Flat,275.0
2025-01-19,TAS,DERWENT PARK,7009,3,Separate House,500.0
2025-01-20,TAS,BEAUTY POINT,7270,2,Separate House,330.0
2025-01-09,TAS,DEVONPORT,7310,3,Separate House,410.0
2025-01-10,TAS,LATROBE,7307,2,Unit,480.0
2025-01-13,TAS,PROSPECT VALE,7250,2,Unit,515.0
2025-01-18,TAS,SANDY BAY,7005,3,Separate House,620.0
2025-02-03,TAS,INVERMAY,7248,1,Apartment,249.0
2025-01-14,TAS,LENAH VALLEY,7008,3,Unit,585.0
2025-01-06,TAS,GLENORCHY,7010,1,Unit,485.0
2025-03-03,TAS,KINGSTON,7050,3,Separate House,690.0
2025-01-30,TAS,ROKEBY,7019,3,Separate House,460.0
2025-02-01,TAS,ZEEHAN,7469,4,Separate House,425.0
2025-02-19,TAS,BELLERIVE,7018,3,Separate House,580.0
2024-12-21,TAS,SANDY BAY,7005,1,Unit,420.0
2025-01-31,TAS,CLAREMONT,7011,4,Separate House,650.0
2025-02-07,TAS,HOWRAH,7018,3,Separate House,590.0
2025-02-11,TAS,BERRIEDALE,7011,2,Unit,430.0
2025-02-01,TAS,DAIRY PLAINS,7304,4,Separate House,500.0
2025-02-20,TAS,RICHMOND,7025,2,Townhouse,800.0
2025-01-30,TAS,ADVENTURE BAY,7150,3,Separate House,470.0
2025-02-04,TAS,HOBART,7000,1,Separate House,425.0
2025-01-23,TAS,ROKEBY,7019,3,Separate House,300.0
2025-02-04,TAS,HOBART,7000,1,Apartment,320.0
2025-02-06,TAS,ROSETTA,7010,4,Separate House,555.0
2025-01-23,TAS,MORNINGTON,7018,3,Unit,550.0
2025-02-28,TAS,MIDWAY POINT,7171,3,Separate House,540.0
2025-02-03,TAS,LAUNCESTON,7250,3,Separate House,570.0
2025-02-12,TAS,WEST HOBART,7000,3,Separate House,590.0
2025-01-17,TAS,MOUNT NELSON,7007,3,Separate House,650.0
2025-02-10,TAS,HENRIETTA,7325,4,Separate House,390.0
2025-02-21,TAS,SOUTH LAUNCESTON,7249,5,Separate House,310.0
2025-01-16,TAS,KINGSTON BEACH,7050,3,Separate House,475.0
2025-01-24,TAS,LEGANA,7277,4,Separate House,650.0
2025-01-22,TAS,OAKDOWNS,7019,3,Separate House,620.0
2025-01-20,TAS,ROKEBY,7019,3,Separate House,450.0
2025-02-04,TAS,SANDY BAY,7005,4,Separate House,1200.0
2025-01-31,TAS,HOBART,7000,3,Townhouse,650.0
2025-01-31,TAS,SUMMERHILL,7250,2,Separate House,440.0
2025-01-31,TAS,NEWSTEAD,7250,3,Unit,580.0
2024-12-19,TAS,LAUNCESTON,7250,1,Separate House,300.0
2025-01-24,TAS,RIVERSIDE,7250,2,Unit,390.0
2025-02-03,TAS,ROCHERLEA,7248,2,Unit,238.25
2025-02-24,TAS,ROKEBY,7019,3,Separate House,460.0
2025-01-23,TAS,HOBART,7000,2,Townhouse,700.0
2025-01-24,TAS,NEWSTEAD,7250,2,Unit,460.0
2025-02-03,TAS,NEWNHAM,7248,3,Separate House,520.0
2025-01-23,TAS,ROCHERLEA,7248,3,Unit,286.14
2025-01-28,TAS,MOUNT NELSON,7007,3,Separate House,530.0
2025-01-13,TAS,QUEENSTOWN,7467,3,Separate House,450.0
2025-01-23,TAS,SUMMERHILL,7250,2,Unit,475.0
2025-02-05,TAS,LINDISFARNE,7015,3,Separate House,575.0
2025-01-16,TAS,MOWBRAY,7248,2,Unit,450.0
2025-01-02,TAS,HOBART,7000,3,Separate House,700.0
2025-01-29,TAS,DYNNYRNE,7005,1,Flat,380.0
2025-01-30,TAS,LAUNCESTON,7250,1,Unit,198.47
2025-02-07,TAS,CHIGWELL,7011,4,Separate House,595.0
2025-01-31,TAS,WEST HOBART,7000,2,Separate House,590.0
2025-02-17,TAS,WEST MOONAH,7009,3,Separate House,550.0
2024-09-25,TAS,NEW TOWN,7008,1,Unit,293.04
2025-02-04,TAS,LATROBE,7307,3,Unit,480.0
2025-02-11,TAS,SOUTH HOBART,7004,2,Unit,450.0
2025-02-06,TAS,MOONAH,7009,1,Semi-detached,350.0
2025-02-02,TAS,NEW TOWN,7008,3,Separate House,750.0
2025-01-10,TAS,DELORAINE,7304,3,Separate House,400.0
2025-01-22,TAS,KINGSTON,7050,3,Separate House,530.0
2025-01-23,TAS,HOBART,7000,2,Apartment,675.0
2025-02-21,TAS,LUTANA,7009,3,Separate House,620.0
2025-12-24,TAS,CLARENDON VALE,7019,2,Unit,236.49
2025-01-17,TAS,BELLERIVE,7018,3,Separate House,560.0
2025-01-20,TAS,SOMERSET,7322,2,Unit,320.0
2025-01-21,TAS,WEST LAUNCESTON,7250,2,Apartment,460.0
2025-02-18,TAS,CLARENDON VALE,7019,3,Separate House,550.0
2025-01-11,TAS,TAROONA,7053,2,Separate House,460.0
2025-01-10,TAS,GEILSTON BAY,7015,3,Townhouse,650.0
2025-01-24,TAS,BLACKMANS BAY,7052,2,Unit,515.0
2025-01-28,TAS,SUMMERHILL,7250,2,Separate House,450.0
2025-01-29,TAS,DYNNYRNE,7005,2,Unit,420.0
2025-01-19,TAS,SMITHTON,7330,3,Separate House,400.0
2025-02-07,TAS,MOONAH,7009,3,Separate House,580.0
2025-01-14,TAS,AUSTINS FERRY,7011,2,Unit,480.0
2025-02-10,TAS,EAST LAUNCESTON,7250,2,Separate House,520.0
2025-02-12,TAS,SANDY BAY,7005,2,Unit,465.0
2025-02-05,TAS,SOUTH LAUNCESTON,7249,2,Separate House,515.0
2025-02-20,TAS,KINGSTON,7050,3,Separate House,550.0
2025-01-29,TAS,HOBART,7000,2,Apartment,650.0
2025-03-03,TAS,SANDY BAY,7005,2,Townhouse,600.0
2025-01-28,TAS,BOOMER BAY,7177,2,Separate House,410.0
2025-01-29,TAS,KINGS MEADOWS,7249,3,Separate House,500.0
2025-01-22,TAS,WEST MOONAH,7009,2,Unit,420.0
2025-01-10,TAS,LONGFORD,7301,2,Unit,425.0
2024-01-31,TAS,ROCHERLEA,7248,2,Unit,288.43
2025-01-31,TAS,HOBART,7000,1,Unit,530.0
2025-01-15,TAS,SOUTH LAUNCESTON,7249,2,Separate House,420.0
2025-01-20,TAS,SOUTH HOBART,7004,3,Separate House,550.0
2025-01-23,TAS,RAVENSWOOD,7250,1,Unit,216.75
2025-01-17,TAS,ROCHERLEA,7248,2,Unit,162.43
2025-01-31,TAS,DEVONPORT,7310,3,Separate House,480.0
2025-01-23,TAS,GLENORCHY,7010,2,Unit,615.0
2025-01-14,TAS,HOBART,7000,2,Apartment,790.0
2025-01-31,TAS,CARLTON,7173,2,Separate House,400.0
2025-02-11,TAS,WEST MOONAH,7009,2,Unit,480.0
2025-02-06,TAS,HOBART,7000,1,Apartment,320.0
2025-01-06,TAS,BRIGHTON,7030,2,Separate House,440.0
2025-02-12,TAS,SOUTH HOBART,7004,2,Unit,475.0
2025-02-03,TAS,PENGUIN,7316,2,Separate House,450.0
2025-01-31,TAS,BELLERIVE,7018,2,Unit,500.0
2025-01-06,TAS,CHIGWELL,7011,1,Unit,158.0
2025-01-13,TAS,RISDON VALE,7016,3,Separate House,475.0
2025-01-30,TAS,NEW NORFOLK,7140,1,Unit,215.0
2025-01-25,TAS,SANDY BAY,7005,1,Apartment,295.0
2025-01-31,TAS,SCAMANDER,7215,1,Separate House,225.0
2025-01-07,TAS,NEW TOWN,7008,2,Unit,375.0
2025-01-17,TAS,HOBART,7000,1,Unit,570.0
2025-02-26,TAS,MOONAH,7009,1,Unit,350.0
2024-01-13,TAS,MOUNT STUART,7000,3,Separate House,725.0
2025-02-04,TAS,HOBART,7000,1,Apartment,320.0
2025-01-15,TAS,EAST LAUNCESTON,7250,2,Unit,290.0
2025-01-08,TAS,WYNYARD,7325,2,Unit,320.0
2025-01-14,TAS,GLENORCHY,7010,3,Separate House,480.0
2025-01-28,TAS,EAST LAUNCESTON,7250,3,Separate House,740.0
2025-01-10,TAS,KINGSTON,7050,2,Separate House,550.0
2025-01-03,TAS,LONGFORD,7301,2,Unit,470.0
2025-01-14,TAS,DEVONPORT,7310,2,Separate House,440.0
2025-01-30,TAS,HOWRAH,7018,5,Separate House,700.0
2025-02-26,TAS,SOUTH LAUNCESTON,7249,2,Separate House,410.0
2025-01-31,TAS,HERDSMANS COVE,7030,2,Separate House,300.0
2025-01-24,TAS,OLD BEACH,7017,2,Separate House,500.0
2025-02-20,TAS,WYNYARD,7325,2,Unit,280.0
2025-01-20,TAS,NEWSTEAD,7250,2,Unit,420.0
2025-02-05,TAS,CLARENDON VALE,7019,3,Separate House,485.0
2025-01-15,TAS,BELLERIVE,7018,2,Unit,495.0
2025-01-17,TAS,GEORGE TOWN,7253,2,Unit,390.0
2025-02-11,TAS,LINDISFARNE,7015,4,Separate House,605.0
2025-01-21,TAS,CLAREMONT,7011,3,Separate House,560.0
2025-01-08,TAS,NEW NORFOLK,7140,3,Separate House,425.0
2025-02-05,TAS,GAGEBROOK,7030,3,Separate House,430.0
2025-02-05,TAS,WESTBURY,7303,4,Separate House,500.0
2025-02-14,TAS,NEWNHAM,7248,2,Unit,350.0
2025-01-21,TAS,GLENORCHY,7010,2,Separate House,550.0
2025-02-06,TAS,HOBART,7000,1,Apartment,320.0
2025-02-07,TAS,LAUNCESTON,7250,2,Apartment,300.0
2025-02-04,TAS,TINDERBOX,7054,3,Separate House,610.0
2025-01-29,TAS,GLENORCHY,7010,4,Separate House,630.0
2025-01-31,TAS,ZEEHAN,7469,3,Separate House,250.0
2025-02-06,TAS,HOBART,7000,1,Apartment,320.0
2025-01-20,TAS,PENGUIN,7316,3,Separate House,450.0
2025-01-15,TAS,LONGFORD,7301,4,Separate House,650.0
2025-03-07,TAS,CLAREMONT,7011,3,Separate House,530.0
2025-01-15,TAS,TREVALLYN,7250,3,Separate House,400.0
2025-01-06,TAS,SOUTH LAUNCESTON,7249,3,Separate House,480.0
2025-01-24,TAS,HOBART,7000,2,Apartment,850.0
2025-01-28,TAS,MOUNT STUART,7000,3,Separate House,700.0
2025-01-23,TAS,LINDISFARNE,7015,2,Separate House,465.0
2025-01-24,TAS,OLD BEACH,7017,2,Separate House,520.0
2025-01-22,TAS,DEVONPORT,7310,2,Unit,285.0
2025-02-14,TAS,TRANMERE,7018,3,Separate House,730.0
2025-02-03,TAS,SANDY BAY,7005,1,Unit,430.0
2025-01-25,TAS,CAMPANIA,7026,2,Flat,400.0
2025-02-07,TAS,CLAREMONT,7011,3,Separate House,450.0
2025-02-28,TAS,SANDY BAY,7005,4,Separate House,800.0
2025-02-05,TAS,FERN TREE,7054,3,Separate House,560.0
2025-01-22,TAS,DEVONPORT,7310,2,Unit,310.0
2025-01-18,TAS,NORTH HOBART,7000,2,Unit,550.0
2025-01-29,TAS,RIVERSIDE,7250,2,Unit,390.0
2025-01-31,TAS,TAROONA,7053,3,Separate House,560.0
2025-02-03,TAS,MOWBRAY,7248,1,Unit,290.0
2025-01-21,TAS,OTAGO,7017,3,Separate House,670.0
2024-12-20,TAS,GEEVESTON,7116,3,Separate House,750.0
2025-01-30,TAS,NEW TOWN,7008,2,Townhouse,495.0
2025-01-25,TAS,RIVERSIDE,7250,2,Unit,410.0
2025-02-12,TAS,PROSPECT,7250,2,Unit,395.0
2025-02-10,TAS,EXTON,7303,3,Separate House,450.0
2025-01-31,TAS,TRANMERE,7018,2,Unit,450.0
2025-02-01,TAS,BATTERY POINT,7004,1,Townhouse,495.0
2025-01-17,TAS,ACTON,7320,3,Separate House,380.0
2025-02-06,TAS,GAGEBROOK,7030,1,Unit,108.0
2025-01-21,TAS,MIDWAY POINT,7171,2,Unit,440.0
2025-01-17,TAS,DEVONPORT,7310,3,Separate House,430.0
2025-01-15,TAS,KINGSTON,7050,3,Separate House,600.0
2025-01-20,TAS,TAROONA,7053,1,Apartment,360.0
2025-01-28,TAS,NORTH HOBART,7000,2,Unit,510.0
2025-01-14,TAS,LAUNCESTON,7250,3,Townhouse,800.0
2025-02-11,TAS,KINGSTON,7050,5,Separate House,800.0
2025-01-22,TAS,WEST ULVERSTONE,7315,3,Separate House,420.0
2025-01-30,TAS,SOUTH HOBART,7004,1,Townhouse,550.0
2025-01-20,TAS,SANDY BAY,7005,2,Separate House,595.0
2025-02-04,TAS,HOBART,7000,1,Apartment,320.0
2025-01-25,TAS,SHEARWATER,7307,2,Unit,360.0
2025-01-26,TAS,SOUTH LAUNCESTON,7249,1,Unit,170.0
2025-02-03,TAS,HOWRAH,7018,3,Separate House,650.0
2025-01-06,TAS,PERTH,7300,1,Unit,300.0
2025-02-03,TAS,LAUNCESTON,7250,5,Separate House,800.0
2025-01-31,TAS,NORTH HOBART,7000,4,Separate House,600.0
2025-01-10,TAS,MIANDETTA,7310,3,Separate House,450.0
2025-02-03,TAS,KINGSTON,7050,3,Unit,550.0
2025-01-24,TAS,SANDY BAY,7005,2,Unit,540.0
2025-01-08,TAS,RISDON VALE,7016,3,Separate House,122.33
2025-01-22,TAS,DEVONPORT,7310,1,Unit,310.0
2025-01-16,TAS,DEVONPORT,7310,3,Separate House,530.0
2025-02-14,TAS,WOODBRIDGE,7162,3,Separate House,700.0
2025-02-03,TAS,SHEARWATER,7307,3,Separate House,500.0
2025-01-20,TAS,PROSPECT,7250,3,Apartment,450.0
2025-01-21,TAS,LINDISFARNE,7015,3,Separate House,595.0
2025-02-21,TAS,LENAH VALLEY,7008,3,Separate House,650.0
2025-01-24,TAS,NEWSTEAD,7250,2,Unit,380.0
2025-01-31,TAS,LEWISHAM,7173,2,Separate House,530.0
2025-02-01,TAS,SANDY BAY,7005,1,Unit,380.0
2025-02-06,TAS,BRIDGEWATER,7030,3,Townhouse,570.0
2025-01-30,TAS,LAUNCESTON,7250,2,Apartment,500.0
2025-02-19,TAS,NEWSTEAD,7250,3,Separate House,540.0
2025-02-14,TAS,GLENORCHY,7010,3,Separate House,495.0
2025-01-17,TAS,HAWLEY BEACH,7307,3,Separate House,700.0
2025-01-06,TAS,SUMMERHILL,7250,2,Unit,238.25
2025-01-29,TAS,DEVONPORT,7310,2,Unit,395.0
2025-01-24,TAS,SOUTH LAUNCESTON,7249,1,Unit,370.0
2025-01-15,TAS,SOUTH LAUNCESTON,7249,2,Apartment,360.0
2025-01-28,TAS,HOBART,7000,1,Flat,350.0
2025-01-17,TAS,LEGANA,7277,3,Townhouse,550.0
2025-01-26,TAS,FOUR MILE CREEK,7215,3,Separate House,475.0
2025-02-03,TAS,KINGSTON,7050,3,Unit,400.0
2025-01-13,TAS,SOUTH HOBART,7004,2,Separate House,525.0
2025-01-22,TAS,EAST LAUNCESTON,7250,2,Unit,470.0
2025-02-05,TAS,NEWSTEAD,7250,4,Separate House,700.0
2025-02-14,TAS,CLAREMONT,7011,3,Separate House,495.0
2025-01-15,TAS,OLD BEACH,7017,3,Separate House,550.0
2025-02-13,TAS,SANDY BAY,7005,1,Unit,375.0
2025-01-28,TAS,NEWNHAM,7248,1,Separate House,250.0
2025-01-09,TAS,HOWRAH,7018,4,Separate House,860.0
2025-02-05,TAS,KINGS MEADOWS,7249,2,Separate House,460.0
2025-01-10,TAS,DEVONPORT,7310,3,Separate House,460.0
2025-01-30,TAS,HOBART,7000,1,Apartment,510.0
2025-01-28,TAS,UPPER BURNIE,7320,2,Unit,280.0
2025-02-06,TAS,BELLERIVE,7018,3,Separate House,560.0
2025-01-10,TAS,MAYFIELD,7248,3,Separate House,364.5
2024-01-22,TAS,LATROBE,7307,3,Separate House,330.0
2025-01-31,TAS,HOBART,7000,2,Apartment,620.0
2025-01-24,TAS,WEST HOBART,7000,2,Unit,430.0
2025-02-03,TAS,NEW TOWN,7008,1,Apartment,400.0
2025-01-25,TAS,GLENORCHY,7010,3,Separate House,575.0
2024-01-14,TAS,WOODBRIDGE,7162,4,Separate House,600.0
2025-03-03,TAS,SOUTH HOBART,7004,2,Unit,425.0
2025-02-25,TAS,HOWRAH,7018,1,Unit,380.0
2025-01-31,TAS,CHIGWELL,7011,3,Separate House,520.0
2025-01-10,TAS,CARLTON RIVER,7173,3,Separate House,535.0
2025-01-24,TAS,BELLERIVE,7018,4,Separate House,740.0
2025-01-13,TAS,WEST LAUNCESTON,7250,2,Unit,550.0
2025-02-14,TAS,MORNINGTON,7018,3,Separate House,550.0
2025-01-17,TAS,GLENORCHY,7010,3,Separate House,520.0
2025-01-29,TAS,MAYFIELD,7248,3,Separate House,420.0
2025-02-10,TAS,SANDY BAY,7005,2,Flat,500.0
2025-02-03,TAS,BATTERY POINT,7004,3,Semi-detached,975.0
2025-02-28,TAS,WEST MOONAH,7009,2,Unit,490.0
2025-01-07,TAS,HUONVILLE,7109,1,Unit,158.0
2025-02-24,TAS,NEW TOWN,7008,4,Separate House,700.0
2025-01-28,TAS,RICHMOND,7025,2,Separate House,525.0
2025-02-06,TAS,PARK GROVE,7320,3,Separate House,460.0
2025-02-14,TAS,GAGEBROOK,7030,3,Separate House,485.0
2025-01-17,TAS,SANDY BAY,7005,1,Unit,350.0
2025-01-29,TAS,KINGSTON,7050,4,Separate House,175.0
2025-01-24,TAS,LAUNCESTON,7250,1,Unit,420.0
2025-02-14,TAS,HOBART,7000,4,Separate House,895.0
2025-01-06,TAS,GLENORCHY,7010,3,Separate House,560.0
2025-01-21,TAS,SOUTH LAUNCESTON,7249,3,Separate House,415.0
2025-02-02,TAS,SANDY BAY,7005,1,Apartment,295.0
2025-01-24,TAS,LAUNCESTON,7250,3,Separate House,575.0
2025-01-30,TAS,WEST ULVERSTONE,7315,1,Unit,207.73
2025-01-17,TAS,SWANSEA,7190,2,Separate House,265.0
2025-01-10,TAS,NEW NORFOLK,7140,3,Separate House,420.0
2024-01-20,TAS,LAUDERDALE,7021,3,Separate House,440.0
2025-01-31,TAS,NORTH HOBART,7000,1,Apartment,495.0
2025-01-03,TAS,LONGFORD,7301,3,Separate House,490.0
2025-01-15,TAS,MORNINGTON,7018,1,Unit,380.0
2025-02-25,TAS,GLENORCHY,7010,3,Unit,655.0
2025-01-10,TAS,LEGANA,7277,3,Separate House,560.0
2025-01-24,TAS,RIDGEWAY,7054,2,Separate House,525.0
2025-01-28,TAS,PERTH,7300,3,Separate House,560.0
2025-01-23,TAS,SUMMERHILL,7250,3,Separate House,500.0
2025-01-13,TAS,DEVONPORT,7310,2,Unit,276.0
2025-01-28,TAS,SANDY BAY,7005,3,Townhouse,700.0
2025-01-23,TAS,STRAHAN,7468,1,Unit,220.0
2025-01-31,TAS,MORNINGTON,7018,3,Separate House,376.92
2025-03-25,TAS,NORTH HOBART,7000,3,Separate House,540.0
2025-01-24,TAS,SANDY BAY,7005,2,Apartment,465.0
2025-01-31,TAS,SANDY BAY,7005,1,Flat,385.0
2025-02-24,TAS,DOWNLANDS,7320,3,Separate House,480.0
2025-02-07,TAS,ACTON,7320,3,Separate House,360.0
2025-02-09,TAS,NORTH HOBART,7000,2,Separate House,570.0
2025-01-10,TAS,LAUDERDALE,7021,2,Separate House,550.0
2025-01-29,TAS,BATTERY POINT,7004,2,Apartment,700.0
2025-02-01,TAS,TAROONA,7053,3,Separate House,475.0
2025-01-09,TAS,ROKEBY,7019,1,Unit,236.49
2025-01-09,TAS,WEST LAUNCESTON,7250,1,Unit,220.0
2025-02-03,TAS,QUEENSTOWN,7467,2,Unit,200.0
2025-01-09,TAS,SHOREWELL PARK,7320,3,Separate House,580.0
2025-01-15,TAS,SOMERSET,7322,3,Separate House,420.0
2025-02-19,TAS,NEW TOWN,7008,1,Apartment,620.0
2025-01-23,TAS,PROSPECT VALE,7250,4,Separate House,600.0
2025-01-24,TAS,SOUTH BURNIE,7320,2,Separate House,520.0
2025-01-31,TAS,DELORAINE,7304,3,Separate House,520.0
2025-02-13,TAS,ST HELENS,7216,2,Separate House,450.0
2025-01-09,TAS,ULVERSTONE,7315,2,Unit,450.0
2025-01-28,TAS,SOUTH LAUNCESTON,7249,2,Townhouse,550.0
2025-02-07,TAS,MOUNT NELSON,7007,1,Unit,395.0
2025-02-06,TAS,HOBART,7000,1,Apartment,320.0
2025-01-24,TAS,KINGSTON,7051,2,Unit,500.0
2025-01-16,TAS,NEWSTEAD,7250,2,Separate House,460.0
2025-01-10,TAS,SCOTTSDALE,7260,3,Unit,390.0
2025-01-31,TAS,WEST LAUNCESTON,7250,3,Separate House,550.0
2025-01-24,TAS,MOONAH,7009,2,Unit,350.0
2025-02-06,TAS,HOBART,7000,2,Townhouse,540.0
2025-01-17,TAS,RIVERSIDE,7250,2,Unit,500.0
2025-01-31,TAS,LEGANA,7277,3,Unit,520.0
2025-02-07,TAS,NEWNHAM,7248,3,Separate House,450.0
2025-01-21,TAS,RIVERSIDE,7250,1,Unit,270.0
2025-01-14,TAS,BRIGHTON,7030,2,Unit,480.0
2025-01-21,TAS,BURNIE,7320,4,Separate House,515.0
2025-01-24,TAS,PROSPECT VALE,7250,2,Unit,530.0
2025-01-21,TAS,SANDY BAY,7005,1,Unit,420.0
2025-01-22,TAS,PROSPECT VALE,7250,2,Unit,415.0
2025-01-29,TAS,STRAHAN,7468,3,Separate House,450.0
2025-02-03,TAS,INVERMAY,7248,1,Apartment,249.0
2025-01-09,TAS,MOUNT NELSON,7007,2,Flat,430.0
2025-02-13,TAS,MORNINGTON,7018,4,Separate House,600.0
2025-01-28,TAS,HOWRAH,7018,3,Separate House,595.0
2025-01-31,TAS,MOONAH,7009,3,Separate House,480.0
2025-02-10,TAS,CAMPBELL TOWN,7210,1,Unit,350.0
2025-01-25,TAS,HOBART,7000,1,Unit,380.0
2025-01-10,TAS,RISDON VALE,7016,4,Separate House,540.0
2024-04-29,TAS,MOONAH,7009,3,Separate House,480.0
2025-01-24,TAS,GLENORCHY,7010,3,Separate House,570.0
2025-01-10,TAS,CLAREMONT,7011,2,Unit,430.0
2025-01-10,TAS,YOUNGTOWN,7249,1,Unit,280.0
2025-01-06,TAS,QUEENSTOWN,7467,2,Separate House,115.0
2025-01-24,TAS,GLENORCHY,7010,2,Unit,460.0
2025-01-23,TAS,BRIGHTON,7030,2,Apartment,450.0
2025-02-19,TAS,MORNINGTON,7018,2,Unit,515.0
2025-02-07,TAS,WEST HOBART,7000,2,Unit,490.0
2025-01-24,TAS,HUONVILLE,7109,2,Unit,400.0
2025-01-16,TAS,BLACKMANS BAY,7052,4,Separate House,700.0
2025-02-06,TAS,HOBART,7000,1,Apartment,320.0
2025-02-19,TAS,KELSO,7270,2,Separate House,385.0
2024-09-23,TAS,CLAREMONT,7011,1,Unit,179.0
2025-01-17,TAS,HUONVILLE,7109,3,Separate House,520.0
2025-01-21,TAS,WESTBURY,7303,3,Separate House,520.0
2025-01-20,TAS,NEWNHAM,7248,3,Separate House,580.0
2025-01-22,TAS,PRIMROSE SANDS,7173,3,Separate House,500.0
2025-01-17,TAS,ST HELENS,7216,2,Unit,310.0
2025-01-13,TAS,PROSPECT,7250,2,Unit,380.0
2025-02-10,TAS,NEWNHAM,7248,3,Separate House,410.0
2025-01-24,TAS,HAWLEY BEACH,7307,2,Unit,345.0
2025-02-03,TAS,HOBART,7000,1,Apartment,320.0
2025-01-24,TAS,NORTH HOBART,7000,3,Separate House,695.0
2024-12-05,TAS,ROCHERLEA,7248,1,Unit,233.4
2024-12-14,TAS,GLENORCHY,7010,2,Unit,450.0
2025-01-24,TAS,ULVERSTONE,7315,1,Unit,184.5
2025-01-27,TAS,BRIDPORT,7262,1,Apartment,310.0
2025-01-28,TAS,SANDY BAY,7005,2,Separate House,490.0
2025-02-06,TAS,DEVONPORT,7310,2,Unit,310.0
2025-03-07,TAS,BOAT HARBOUR BEACH,7321,3,Separate House,450.0
2025-02-04,TAS,BLACKSTONE HEIGHTS,7250,2,Unit,365.0
2024-01-24,TAS,RISDON VALE,7016,3,Separate House,470.0
2025-01-29,TAS,HOBART,7000,2,Unit,560.0
2025-01-30,TAS,LATROBE,7307,2,Unit,280.0
2025-02-01,TAS,GLENORCHY,7010,3,Unit,630.0
2025-01-22,TAS,GLENORCHY,7010,2,Unit,470.0
2025-03-03,TAS,LENAH VALLEY,7008,3,Unit,475.0
2025-01-24,TAS,SNUG,7054,2,Unit,470.0
2025-01-28,TAS,ROCHERLEA,7248,2,Separate House,238.25
2025-01-13,TAS,KINGSTON BEACH,7050,2,Flat,460.0
2026-02-03,TAS,QUEENSTOWN,7467,3,Separate House,400.0
2025-02-07,TAS,LENAH VALLEY,7008,4,Separate House,780.0
2025-01-30,TAS,HOBART,7000,1,Unit,355.0
2025-01-08,TAS,GLEBE,7000,2,Separate House,470.0
2025-01-21,TAS,INVERMAY,7248,1,Apartment,249.0
2025-02-03,TAS,YOUNGTOWN,7249,2,Unit,550.0
2025-01-31,TAS,SNUG,7054,3,Apartment,450.0
2025-01-31,TAS,COOEE,7320,2,Unit,340.0
2025-01-23,TAS,PROSPECT,7250,2,Separate House,400.0
2025-01-17,TAS,SOUTH LAUNCESTON,7249,3,Separate House,500.0
2025-02-14,TAS,NEWNHAM,7248,3,Separate House,440.0
2025-01-08,TAS,LAUNCESTON,7250,1,Townhouse,300.0
2025-02-07,TAS,OLD BEACH,7017,2,Unit,560.0
2025-01-30,TAS,SANDY BAY,7005,1,Unit,270.0
2025-01-21,TAS,DEVONPORT,7310,3,Separate House,490.0
2025-01-17,TAS,BATTERY POINT,7004,2,Apartment,625.0
2025-01-29,TAS,YOUNGTOWN,7249,3,Unit,580.0
2025-01-29,TAS,TRANMERE,7018,3,Unit,570.0
2025-01-17,TAS,ST HELENS,7216,3,Separate House,440.0
2025-01-13,TAS,BELLERIVE,7018,1,Flat,350.0
2025-01-16,TAS,GEORGE TOWN,7253,3,Unit,430.0
2025-01-24,TAS,SUMMERHILL,7250,4,Separate House,520.0
2025-01-16,TAS,WESTBURY,7303,2,Separate House,400.0
2025-02-03,TAS,KINGSTON,7050,3,Separate House,600.0
2025-01-16,TAS,OLD BEACH,7017,3,Unit,500.0
2025-01-24,TAS,FORTH,7310,3,Separate House,500.0
2025-01-10,TAS,WEST LAUNCESTON,7250,4,Separate House,620.0
2025-01-10,TAS,INVERMAY,7248,3,Separate House,460.0
2025-01-23,TAS,MOONAH,7009,2,Unit,430.0
2025-01-18,TAS,LINDISFARNE,7015,3,Unit,650.0
2025-02-28,TAS,BRIDPORT,7262,4,Separate House,600.0
2025-02-21,TAS,NEWSTEAD,7250,2,Unit,465.0
2025-01-31,TAS,HOBART,7000,2,Unit,450.0
2025-01-28,TAS,LEGANA,7277,3,Separate House,560.0
2025-02-27,TAS,STONY RISE,7310,4,Separate House,560.0
2025-01-17,TAS,ROCHERLEA,7248,2,Unit,162.43
2025-01-31,TAS,MONTROSE,7010,2,Unit,505.0
2025-01-24,TAS,PROSPECT,7250,3,Townhouse,560.0
2025-01-21,TAS,HOBART,7000,1,Unit,420.0
2025-01-31,TAS,DEVONPORT,7310,3,Separate House,480.0
2024-10-30,TAS,SANDY BAY,7005,4,Separate House,800.0
2024-12-24,TAS,NEWSTEAD,7250,2,Separate House,450.0
2025-01-10,TAS,SANDY BAY,7005,3,Flat,350.0
2025-01-31,TAS,PARKLANDS,7320,4,Separate House,500.0
2025-01-24,TAS,DILSTON,7252,4,Separate House,590.0
2025-01-22,TAS,SMITHTON,7330,4,Separate House,50.0
2025-02-25,TAS,HOWRAH,7018,3,Separate House,550.0
2025-02-06,TAS,LAUNCESTON,7250,2,Separate House,605.0
2025-01-31,TAS,EAST LAUNCESTON,7250,2,Unit,450.0
2025-01-29,TAS,LAUNCESTON,7250,2,Unit,400.0
2025-01-15,TAS,PARKLANDS,7320,4,Separate House,300.0
2025-01-11,TAS,OATLANDS,7120,4,Separate House,400.0
2025-01-17,TAS,TREVALLYN,7250,3,Unit,500.0
2025-02-05,TAS,HOBART,7000,1,Apartment,320.0
2025-01-07,TAS,DOVER,7117,2,Unit,247.0
2025-02-07,TAS,BRIDPORT,7262,4,Separate House,500.0
2025-01-20,TAS,NEWSTEAD,7250,3,Separate House,500.0
2025-01-13,TAS,DEVONPORT,7310,3,Separate House,420.0
2025-01-13,TAS,NORTHDOWN,7307,2,Separate House,420.0
2025-02-12,TAS,PENNA,7171,4,Separate House,700.0
2025-02-07,TAS,LAUNCESTON,7250,3,Apartment,600.0
2025-01-10,TAS,NEW NORFOLK,7140,2,Unit,370.0
2025-02-04,TAS,HOBART,7000,1,Apartment,320.0
2025-02-24,TAS,EAST LAUNCESTON,7250,1,Unit,350.0
2025-02-06,TAS,HOBART,7000,1,Apartment,320.0
2025-01-22,TAS,PARK GROVE,7320,3,Separate House,300.0
2025-01-30,TAS,NORTH HOBART,7000,1,Unit,158.0
2025-01-21,TAS,RIVERSIDE,7250,2,Separate House,490.0
2025-01-24,TAS,LAUNCESTON,7250,1,Unit,340.0
2024-11-29,TAS,NEW TOWN,7008,4,Apartment,595.0
2024-02-20,TAS,NEWSTEAD,7250,3,Townhouse,560.0
2025-01-29,TAS,PRIMROSE SANDS,7173,3,Separate House,530.0
2025-01-17,TAS,ROCHERLEA,7248,2,Unit,238.25
2025-01-24,TAS,WYNYARD,7325,2,Unit,320.0
2025-02-06,TAS,HOBART,7000,1,Apartment,320.0
2025-02-03,TAS,MOUNT STUART,7000,1,Unit,390.0
2025-01-21,TAS,LINDISFARNE,7015,3,Unit,620.0
2025-01-28,TAS,LEWISHAM,7173,3,Separate House,670.0
2025-01-13,TAS,HILLCREST,7320,1,Unit,380.0
2025-02-07,TAS,SANDY BAY,7005,5,Separate House,850.0
2025-01-30,TAS,SOUTH LAUNCESTON,7249,3,Separate House,520.0
2025-02-06,TAS,HOBART,7000,1,Apartment,320.0
2025-02-03,TAS,HOBART,7000,1,Apartment,320.0
2025-02-03,TAS,INVERMAY,7248,1,Apartment,249.0
2025-01-28,TAS,SOUTH LAUNCESTON,7249,4,Separate House,795.0
2025-01-10,TAS,LEGANA,7277,2,Unit,520.0
2025-01-24,TAS,PROSPECT,7250,4,Flat,680.0
2024-11-25,TAS,SANDY BAY,7005,2,Apartment,560.0
2025-01-31,TAS,NEW NORFOLK,7140,2,Apartment,280.0
2025-02-07,TAS,DELORAINE,7304,3,Unit,410.0
2025-01-24,TAS,SOUTH HOBART,7004,3,Unit,700.0
2025-01-24,TAS,GLENORCHY,7010,3,Unit,600.0
2025-01-21,TAS,ULVERSTONE,7315,2,Unit,276.0
2025-01-24,TAS,LENAH VALLEY,7008,4,Separate House,680.0
2025-01-24,TAS,GLENORCHY,7010,2,Apartment,415.0
2025-01-29,TAS,PERTH,7300,3,Separate House,580.0
2025-02-10,TAS,GLENORCHY,7010,4,Separate House,670.0
2025-01-31,TAS,LAUNCESTON,7250,3,Separate House,430.0
2025-02-01,TAS,PARK GROVE,7320,2,Unit,450.0
2025-01-20,TAS,EAST DEVONPORT,7310,3,Separate House,430.0
2025-02-14,TAS,LUTANA,7009,3,Separate House,520.0
2025-01-24,TAS,BURNIE,7320,1,Unit,260.0
2025-02-28,TAS,BELLERIVE,7018,2,Separate House,520.0
2025-01-17,TAS,ROKEBY,7019,1,Flat,180.0
2025-02-26,TAS,KINGSTON,7050,2,Separate House,445.0
2025-02-07,TAS,LEGANA,7277,2,Separate House,550.0
2025-02-03,TAS,INVERMAY,7248,1,Apartment,249.0
2025-02-01,TAS,SHEARWATER,7307,4,Separate House,550.0
2025-01-24,TAS,BLACKSTONE HEIGHTS,7250,3,Separate House,880.0
2025-02-21,TAS,ST LEONARDS,7250,3,Separate House,475.0
2025-01-17,TAS,STRAHAN,7468,1,Unit,220.0
2025-01-23,TAS,LAUNCESTON,7250,2,Townhouse,475.0
2025-01-16,TAS,YOUNGTOWN,7249,2,Unit,400.0
2025-01-31,TAS,NEWSTEAD,7250,2,Unit,400.0
2025-01-15,TAS,LAUNCESTON,7250,1,Unit,350.0
2025-02-01,TAS,DEVONPORT,7310,3,Separate House,450.0
2025-01-17,TAS,LAUNCESTON,7250,1,Apartment,360.0
2025-01-31,TAS,MIDWAY POINT,7171,3,Separate House,560.0
2025-02-06,TAS,HOBART,7000,1,Apartment,320.0
2025-01-28,TAS,LAUNCESTON,7250,2,Unit,570.0
2024-01-24,TAS,SNUG,7054,3,Separate House,425.0
2025-01-07,TAS,SORELL,7172,3,Separate House,500.0
2025-02-10,TAS,TAROONA,7053,3,Separate House,695.0
2025-01-15,TAS,NORTH HOBART,7000,3,Separate House,500.0
2025-01-14,TAS,CHUDLEIGH,7304,3,Separate House,390.0
2025-01-25,TAS,WARRANE,7018,3,Separate House,520.0
2025-01-24,TAS,SOUTH LAUNCESTON,7249,2,Flat,320.0
2025-01-31,TAS,QUEENSTOWN,7467,4,Separate House,350.0
2025-02-04,TAS,MOONAH,7009,3,Separate House,600.0
2025-02-07,TAS,DYNNYRNE,7005,2,Unit,440.0
2025-01-17,TAS,LONGFORD,7301,3,Separate House,450.0
2025-01-31,TAS,ROKEBY,7019,3,Separate House,450.0
2025-03-06,TAS,GEILSTON BAY,7015,4,Separate House,820.0
2025-01-29,TAS,KINGSTON,7050,3,Unit,650.0
2025-01-30,TAS,NEW NORFOLK,7140,3,Separate House,495.0
2025-02-03,TAS,SOUTH LAUNCESTON,7249,1,Unit,420.0
2025-01-22,TAS,WEST LAUNCESTON,7250,1,Unit,350.0
2025-01-15,TAS,RIVERSIDE,7250,1,Unit,280.0
2025-01-13,TAS,GLENORCHY,7010,2,Unit,410.0
2025-01-02,TAS,HOBART,7000,3,Separate House,700.0
2025-02-04,TAS,NEW TOWN,7008,1,Unit,375.0
2025-01-24,TAS,NEW TOWN,7008,2,Unit,450.0
2025-01-24,TAS,NEWSTEAD,7250,4,Separate House,700.0
2025-01-29,TAS,LONGFORD,7301,3,Separate House,450.0
2025-01-31,TAS,BERRIEDALE,7011,1,Flat,380.0
2025-02-10,TAS,STONY RISE,7310,3,Separate House,480.0
2025-02-20,TAS,WEST HOBART,7000,1,Unit,370.0
2025-02-07,TAS,LINDISFARNE,7015,3,Separate House,220.0
2025-02-03,TAS,LAUNCESTON,7250,1,Unit,350.0
2025-02-20,TAS,ST LEONARDS,7250,2,Unit,440.0
2025-01-10,TAS,SEVEN MILE BEACH,7170,3,Separate House,450.0
2025-01-29,TAS,NORTH HOBART,7000,2,Separate House,480.0
2025-01-21,TAS,MOUNT NELSON,7007,5,Separate House,675.0
2025-02-05,TAS,PARK GROVE,7320,3,Separate House,500.0
2025-01-23,TAS,Deloraine,7304,1,Unit,200.0
2025-01-31,TAS,DELORAINE,7304,2,Flat,380.0
2025-02-04,TAS,STIEGLITZ,7216,4,Separate House,500.0
2025-01-30,TAS,SOMERSET,7322,2,Unit,239.43
2025-01-17,TAS,FERN TREE,7054,1,Flat,570.0
2025-02-07,TAS,TAROONA,7053,3,Separate House,760.0
2025-01-17,TAS,LATROBE,7307,2,Separate House,320.0
2025-01-25,TAS,LAUDERDALE,7021,4,Separate House,550.0
2025-01-13,TAS,GLENORCHY,7010,3,Separate House,600.0
2025-01-20,TAS,ROKEBY,7019,3,Separate House,500.0
2025-01-06,TAS,LAUNCESTON,7250,3,Unit,445.0
2025-02-16,TAS,MOUNT NELSON,7007,6,Separate House,950.0
2025-01-16,TAS,TRANMERE,7018,3,Separate House,550.0
2025-02-03,TAS,SOUTH HOBART,7004,1,Unit,350.0
2025-01-10,TAS,ST HELENS,7216,3,Separate House,500.0
2025-02-03,TAS,HOBART,7000,1,Flat,415.8
2025-01-27,TAS,BELLERIVE,7018,3,Townhouse,700.0
2025-01-23,TAS,BRIDGEWATER,7030,1,Unit,180.0
2025-02-07,TAS,TREVALLYN,7250,3,Separate House,480.0
2025-01-30,TAS,WESTBURY,7303,5,Separate House,650.0
2025-01-09,TAS,NORTH HOBART,7000,1,Unit,202.19
2025-02-03,TAS,WEST LAUNCESTON,7250,2,Separate House,500.0
2025-01-25,TAS,EVANDALE,7212,3,Separate House,360.0
2025-01-24,TAS,ROSETTA,7010,3,Separate House,500.0
2025-01-10,TAS,GEORGE TOWN,7253,3,Separate House,380.0
2025-01-24,TAS,MOWBRAY,7248,3,Separate House,460.0
2025-01-27,TAS,HOWRAH,7018,3,Separate House,660.0
2025-01-28,TAS,FRANKLIN,7113,3,Separate House,430.0
2025-02-27,TAS,CRESSY,7302,2,Separate House,490.0
2025-01-27,TAS,BELLERIVE,7018,2,Separate House,650.0
2025-01-20,TAS,INVERMAY,7248,2,Unit,480.0
2025-01-10,TAS,LENAH VALLEY,7008,4,Separate House,750.0
2025-01-31,TAS,BATTERY POINT,7004,2,Apartment,520.0
2025-01-20,TAS,LENAH VALLEY,7008,1,Unit,330.0
2025-01-22,TAS,ULVERSTONE,7315,4,Separate House,520.0
2025-02-05,TAS,HOBART,7000,1,Apartment,320.0
2025-01-23,TAS,NEWNHAM,7248,2,Unit,420.0
2025-01-30,TAS,ROSNY,7018,3,Townhouse,675.0
2025-01-16,TAS,LAUNCESTON,7250,1,Apartment,400.0
2025-01-31,TAS,SOUTH HOBART,7004,1,Apartment,650.0
2025-01-20,TAS,LAUNCESTON,7250,1,Townhouse,420.0
2024-12-31,TAS,SANDY BAY,7005,3,Separate House,560.0
2025-01-07,TAS,WARRANE,7018,2,Separate House,425.0
2025-01-15,TAS,BEAUTY POINT,7270,2,Unit,270.0
2025-01-22,TAS,EAST DEVONPORT,7310,3,Separate House,440.0
2025-01-23,TAS,SOUTH HOBART,7004,1,Unit,325.0
2025-01-20,TAS,SMITHTON,7330,2,Separate House,50.0
2025-02-09,TAS,MOWBRAY,7248,3,Unit,550.0
2025-01-15,TAS,CHIGWELL,7011,1,Unit,206.0
2025-01-31,TAS,SANDY BAY,7005,6,Separate House,200.0
2024-12-31,TAS,DEVONPORT,7310,1,Unit,430.0
2025-02-11,TAS,HOWRAH,7018,1,Unit,340.0
2025-01-19,TAS,NEW TOWN,7008,5,Separate House,170.0
2025-01-10,TAS,WEST LAUNCESTON,7250,3,Separate House,575.0
2025-01-24,TAS,SEVEN MILE BEACH,7170,3,Separate House,600.0
2025-01-11,TAS,BELLERIVE,7018,2,Unit,490.0
2025-02-17,TAS,SWANSEA,7190,2,Unit,340.0
2025-02-07,TAS,SANDY BAY,7005,4,Separate House,1300.0
2025-01-17,TAS,EAST LAUNCESTON,7250,2,Separate House,580.0
2025-01-24,TAS,MELROSE,7310,2,Separate House,400.0
2025-01-30,TAS,NORTH HOBART,7000,2,Unit,450.0
2025-01-31,TAS,NUBEENA,7184,3,Separate House,400.0
2025-01-17,TAS,ULVERSTONE,7315,4,Separate House,460.0
2025-01-27,TAS,HOWRAH,7018,2,Separate House,460.0
2025-02-24,TAS,PROSPECT VALE,7250,1,Unit,300.0
2025-01-15,TAS,DEVONPORT,7310,2,Unit,310.0
2025-01-23,TAS,PUNCHBOWL,7249,1,Unit,66.0
2025-02-03,TAS,LEGANA,7277,2,Unit,470.0
2025-02-01,TAS,BATTERY POINT,7004,2,Apartment,720.0
2025-01-24,TAS,KINGS MEADOWS,7249,4,Separate House,530.0
2025-01-31,TAS,LAUNCESTON,7250,2,Unit,310.0
2025-01-23,TAS,TARLETON,7310,5,Separate House,210.0
2025-01-17,TAS,PERTH,7300,3,Unit,450.0
2025-01-08,TAS,DODGES FERRY,7173,3,Separate House,560.0
2025-02-03,TAS,RANELAGH,7109,3,Unit,450.0
2024-01-03,TAS,GLEBE,7000,2,Separate House,460.0
2025-01-30,TAS,DELORAINE,7304,3,Unit,460.0
2025-01-09,TAS,MOWBRAY,7248,3,Separate House,450.0
2025-01-15,TAS,BATTERY POINT,7004,1,Unit,550.0
2025-01-29,TAS,PENGUIN,7316,3,Separate House,390.0
2025-01-28,TAS,TREVALLYN,7250,2,Separate House,510.0
2025-02-02,TAS,KINGSTON,7050,5,Separate House,160.0
2025-01-16,TAS,KINGSTON,7050,2,Townhouse,495.0
2025-02-03,TAS,INVERMAY,7248,1,Apartment,249.0
2025-01-10,TAS,DOVER,7117,3,Separate House,430.0
2025-02-10,TAS,SOUTH HOBART,7004,2,Separate House,530.0
2024-01-22,TAS,LINDISFARNE,7015,3,Unit,460.0
2025-01-24,TAS,SANDY BAY,7005,4,Separate House,1300.0
2025-02-07,TAS,WEST HOBART,7000,3,Separate House,850.0
2025-02-10,TAS,OCEAN VISTA,7320,3,Separate House,440.0
2025-02-01,TAS,FRANKLIN,7113,4,Separate House,550.0
2025-01-29,TAS,EAST LAUNCESTON,7250,3,Separate House,630.0
2025-02-07,TAS,HUONVILLE,7109,4,Separate House,650.0
2025-01-10,TAS,EAST DEVONPORT,7310,3,Separate House,310.0
2025-01-16,TAS,SANDY BAY,7005,1,Separate House,260.0
2025-01-29,TAS,HOWRAH,7018,3,Separate House,475.0
2025-01-02,TAS,HOBART,7000,3,Separate House,700.0
2025-02-22,TAS,HOWRAH,7018,3,Separate House,720.0
2025-01-24,TAS,STOODLEY,7306,2,Separate House,400.0
2025-01-17,TAS,NEWNHAM,7248,2,Separate House,350.0
2025-02-14,TAS,NORTH HOBART,7000,3,Separate House,480.0
2025-01-21,TAS,KINGSTON,7050,3,Separate House,575.0
2025-01-31,TAS,NORTH HOBART,7000,2,Semi-detached,560.0
2025-01-20,TAS,WEST ULVERSTONE,7315,3,Separate House,315.0
2025-02-06,TAS,HOBART,7000,1,Apartment,320.0
2025-01-23,TAS,TRANMERE,7018,3,Separate House,700.0
2025-02-15,TAS,GLENORCHY,7010,1,Separate House,270.0
2025-02-06,TAS,WOODBRIDGE,7162,2,Separate House,550.0
2025-02-06,TAS,HOBART,7000,1,Apartment,320.0
2025-01-15,TAS,LONGFORD,7301,3,Separate House,530.0
2025-01-14,TAS,NEW TOWN,7008,1,Unit,158.0
2025-02-04,TAS,ROMAINE,7320,2,Unit,350.0
2025-01-30,TAS,SANDY BAY,7005,2,Unit,495.0
2025-01-24,TAS,NEWNHAM,7248,1,Separate House,250.0
2025-01-10,TAS,SHEFFIELD,7306,4,Separate House,415.0
2025-01-13,TAS,TULLAH,7321,1,Separate House,250.0
2025-01-28,TAS,ST HELENS,7216,3,Separate House,420.0
2025-01-30,TAS,NEWNHAM,7248,3,Unit,400.0
2025-01-03,TAS,BERRIEDALE,7011,3,Separate House,425.0
2025-01-23,TAS,WEST ULVERSTONE,7315,3,Separate House,360.0
2025-01-06,TAS,FOREST,7330,4,Separate House,600.0
2025-01-31,TAS,BRIGHTON,7030,3,Separate House,520.0
2025-01-24,TAS,MIANDETTA,7310,3,Unit,475.0
2025-01-20,TAS,WEST MOONAH,7009,2,Unit,400.0
2025-01-24,TAS,MOWBRAY,7248,2,Unit,450.0
2025-02-13,TAS,KINGSTON,7050,2,Unit,460.0
2025-01-17,TAS,KINGS MEADOWS,7249,3,Separate House,495.0
2025-01-24,TAS,PROSPECT VALE,7250,2,Unit,238.25
2025-01-20,TAS,HOBART,7000,2,Apartment,680.0
2025-02-03,TAS,MOWBRAY,7248,1,Unit,280.0
2025-02-11,TAS,DEVONPORT,7310,3,Separate House,410.0
2025-01-17,TAS,CLAREMONT,7011,2,Unit,400.0
2025-02-05,TAS,ST HELENS,7216,1,Unit,240.0
2025-02-01,TAS,MOUNT STUART,7000,3,Separate House,670.0
2025-01-24,TAS,SORELL,7172,3,Separate House,550.0
2025-02-01,TAS,TAROONA,7053,3,Separate House,310.0
2025-01-24,TAS,ULVERSTONE,7315,3,Separate House,490.0
2025-01-21,TAS,MOWBRAY,7248,3,Separate House,485.0
2025-01-21,TAS,LAUNCESTON,7250,1,Apartment,350.0
2025-02-04,TAS,RAVENSWOOD,7250,1,Unit,189.85
2025-02-20,TAS,HOBART,7000,1,Flat,450.0
2025-02-18,TAS,LAUNCESTON,7250,3,Apartment,425.0
2025-01-15,TAS,GLENORCHY,7010,3,Townhouse,515.0
2025-02-17,TAS,LINDISFARNE,7015,1,Unit,500.0
2025-01-29,TAS,CLAREMONT,7011,3,Separate House,495.0
2024-12-13,TAS,CAMPBELL TOWN,7210,3,Separate House,740.0
2025-01-21,TAS,KINGSTON,7050,3,Townhouse,510.0
2025-01-21,TAS,WEST HOBART,7000,2,Separate House,860.0
2025-01-31,TAS,GLENORCHY,7010,2,Separate House,500.0
2025-01-10,TAS,CHIGWELL,7011,3,Separate House,510.0
2025-01-24,TAS,MAYFIELD,7248,3,Separate House,400.0
2025-02-12,TAS,MOONAH,7009,2,Unit,500.0
2024-06-13,TAS,WESTBURY,7303,3,Unit,455.0
2025-01-06,TAS,TREVALLYN,7250,3,Separate House,530.0
2025-02-12,TAS,SANDY BAY,7005,1,Flat,380.0
2024-11-28,TAS,SOUTH HOBART,7004,1,Flat,375.0
2025-02-05,TAS,SOMERSET,7322,3,Separate House,375.0
2025-01-31,TAS,ROCHERLEA,7248,2,Unit,270.0
2025-02-04,TAS,RAVENSWOOD,7250,3,Separate House,490.0
2025-01-20,TAS,RIVERSIDE,7250,2,Unit,450.0
2025-01-24,TAS,LONGFORD,7301,3,Separate House,307.3
2025-01-28,TAS,BELLERIVE,7018,4,Separate House,650.0
2025-01-20,TAS,HOBART,7000,3,Apartment,750.0
2025-01-29,TAS,KINGSTON,7050,3,Separate House,580.0
2025-01-21,TAS,QUEENSTOWN,7467,3,Separate House,340.0
2025-01-31,TAS,LAUNCESTON,7250,2,Townhouse,350.0
2025-01-17,TAS,SHOREWELL PARK,7320,2,Separate House,320.0
2025-02-17,TAS,BLACKMANS BAY,7052,3,Separate House,650.0
2025-01-04,TAS,MONTROSE,7010,2,Unit,390.0
2025-01-19,TAS,PARK GROVE,7320,4,Separate House,450.0
2025-01-20,TAS,NEW TOWN,7008,3,Separate House,620.0
2025-02-04,TAS,HOBART,7000,1,Apartment,320.0
2025-01-24,TAS,WARRANE,7018,3,Unit,520.0
2025-01-30,TAS,SOUTH HOBART,7004,3,Apartment,585.0
2024-12-27,TAS,SUMMERHILL,7250,2,Unit,307.5
2025-01-17,TAS,OLD BEACH,7017,3,Separate House,530.0
2025-01-25,TAS,SANDY BAY,7005,3,Unit,540.0
2025-02-09,TAS,BRIGHTON,7030,4,Separate House,680.0
2025-01-28,TAS,DEVONPORT,7310,2,Separate House,440.0
2025-01-08,TAS,INVERMAY,7248,2,Unit,280.0
2025-01-29,TAS,BLACKMANS BAY,7052,3,Separate House,700.0
2025-01-09,TAS,SANDY BAY,7005,5,Separate House,820.0
2025-01-20,TAS,NEWSTEAD,7250,3,Townhouse,560.0
2025-01-22,TAS,KINGSTON,7051,3,Separate House,700.0
2025-01-28,TAS,LOW HEAD,7253,2,Unit,240.0
2024-01-23,TAS,SANDFORD,7020,3,Separate House,730.0
2025-02-12,TAS,LENAH VALLEY,7008,4,Separate House,750.0
2025-02-06,TAS,PROSPECT,7250,2,Townhouse,500.0
2025-02-07,TAS,ROKEBY,7019,2,Unit,500.0
2025-01-12,TAS,BICHENO,7215,1,Unit,350.0
2025-02-07,TAS,NEW NORFOLK,7140,3,Separate House,490.0
2025-01-24,TAS,SOUTH LAUNCESTON,7249,1,Unit,310.0
2025-02-07,TAS,LINDISFARNE,7015,2,Unit,480.0
2025-01-30,TAS,HADSPEN,7290,1,Unit,390.0
2025-01-07,TAS,NEW NORFOLK,7140,3,Separate House,330.0
2025-02-03,TAS,MARGATE,7054,3,Separate House,540.0
2025-02-07,TAS,SCAMANDER,7215,4,Separate House,430.0
2025-01-21,TAS,CURRIE,7256,3,Separate House,175.0
2025-01-31,TAS,AUSTINS FERRY,7011,3,Separate House,520.0
2025-02-07,TAS,NEWSTEAD,7250,1,Unit,405.0
2025-01-20,TAS,INVERMAY,7248,3,Separate House,590.0
2025-02-19,TAS,NEW TOWN,7008,1,Apartment,500.0
2025-01-10,TAS,SANDFORD,7020,2,Unit,400.0
2025-02-05,TAS,DELORAINE,7304,1,Unit,200.0
2025-01-13,TAS,RICHMOND,7025,3,Separate House,550.0
2025-02-07,TAS,ROMAINE,7320,2,Unit,340.0
2025-02-05,TAS,PORT SORELL,7307,3,Separate House,395.0
2025-01-01,TAS,ROSEBERY,7470,3,Separate House,250.0
2025-02-01,TAS,LAUNCESTON,7250,2,Unit,280.0
2025-01-31,TAS,SANDY BAY,7005,1,Apartment,470.0
2025-01-24,TAS,HOBART,7000,1,Flat,520.0
2025-01-31,TAS,MOONAH,7009,3,Separate House,590.0
2025-01-21,TAS,INVERMAY,7248,1,Apartment,249.0
2025-01-30,TAS,WEST HOBART,7000,1,Unit,350.0
2025-01-17,TAS,SHEARWATER,7307,2,Unit,470.0
2025-02-17,TAS,PROSPECT VALE,7250,2,Unit,410.0
2025-01-28,TAS,NEW TOWN,7008,1,Unit,236.0
2025-02-10,TAS,MOWBRAY,7248,3,Separate House,430.0
2025-01-16,TAS,EAST DEVONPORT,7310,4,Separate House,490.0
2025-01-22,TAS,NEWNHAM,7248,3,Separate House,450.0
2025-02-12,TAS,HOWRAH,7018,2,Unit,480.0
2025-01-17,TAS,GLENORCHY,7010,3,Separate House,450.0
2025-01-24,TAS,WYNYARD,7325,3,Separate House,350.0
2025-02-04,TAS,WEST HOBART,7000,1,Flat,430.0
2025-02-22,TAS,GLENORCHY,7010,2,Separate House,580.0
2025-01-14,TAS,DYNNYRNE,7005,2,Unit,450.0
2025-01-28,TAS,MOONAH,7009,2,Unit,350.0
2025-02-03,TAS,NEW TOWN,7008,1,Unit,370.0
2025-01-22,TAS,INVERMAY,7248,1,Unit,320.0
2024-12-23,TAS,ELLIOTT,7325,3,Separate House,350.0
2025-01-09,TAS,SCOTTSDALE,7260,2,Unit,277.0
2025-02-21,TAS,NEW TOWN,7008,3,Unit,725.0
2025-01-10,TAS,KINGS MEADOWS,7249,3,Separate House,500.0
2025-01-15,TAS,SANDY BAY,7005,2,Unit,440.0
2025-01-14,TAS,CAMDALE,7320,2,Unit,250.0
2025-01-29,TAS,NEW NORFOLK,7140,1,Unit,215.0
2025-01-21,TAS,SANDY BAY,7005,1,Apartment,415.0
2025-01-05,TAS,KINGSTON,7050,1,Separate House,180.0
2025-02-06,TAS,SNUG,7054,3,Separate House,595.0
2025-01-10,TAS,KINGSTON,7050,4,Separate House,650.0
2025-01-12,TAS,DEVONPORT,7310,1,Unit,280.0
2025-01-17,TAS,HERDSMANS COVE,7030,3,Separate House,420.0
2025-01-24,TAS,NEWSTEAD,7250,3,Separate House,530.0
2025-01-20,TAS,ROKEBY,7019,4,Separate House,550.0
2025-02-13,TAS,LAUNCESTON,7250,2,Unit,600.0
2025-01-31,TAS,HADSPEN,7290,3,Separate House,650.0
2025-01-27,TAS,GLENORCHY,7010,3,Separate House,520.0
2025-02-04,TAS,KINGSTON,7050,2,Unit,490.0
2025-01-16,TAS,INVERMAY,7248,3,Separate House,490.0
2025-01-31,TAS,WEST LAUNCESTON,7250,1,Unit,240.0
2025-01-30,TAS,BLACKMANS BAY,7052,2,Unit,470.0
2025-02-14,TAS,MONTROSE,7010,3,Separate House,535.0
2025-01-30,TAS,CHIGWELL,7011,2,Unit,236.0
2025-01-22,TAS,KINGS MEADOWS,7249,3,Unit,520.0
2025-01-24,TAS,GLENORCHY,7010,3,Separate House,580.0
2024-01-20,TAS,KINGSTON,7050,2,Unit,400.0
2025-02-13,TAS,DYNNYRNE,7005,2,Apartment,550.0
2025-01-28,TAS,KINGSTON,7050,2,Unit,500.0
2025-02-07,TAS,BLACKMANS BAY,7052,3,Unit,690.0
2025-01-31,TAS,LAUNCESTON,7250,2,Unit,450.0
2025-01-17,TAS,MIANDETTA,7310,4,Separate House,500.0
2025-01-15,TAS,CLARENDON VALE,7019,2,Separate House,272.64
2025-01-16,TAS,LONGFORD,7301,2,Separate House,450.0
2025-01-23,TAS,CARLTON RIVER,7173,3,Separate House,550.0
2024-07-07,TAS,HUONVILLE,7109,2,Unit,240.0
2025-02-14,TAS,COOEE,7320,1,Unit,155.0
2025-01-05,TAS,INVERMAY,7248,1,Flat,300.0
2025-02-14,TAS,NEW TOWN,7008,2,Unit,480.0
2024-12-20,TAS,GEEVESTON,7116,1,Semi-detached,350.0
2025-02-05,TAS,HOBART,7000,1,Apartment,320.0
2025-02-04,TAS,WEST HOBART,7000,2,Unit,400.0
2025-01-22,TAS,SOUTH HOBART,7004,3,Separate House,605.0
2025-01-24,TAS,WESTBURY,7303,3,Separate House,450.0
2025-01-21,TAS,SMITHTON,7330,3,Separate House,340.0
2025-01-12,TAS,GOODWOOD,7010,3,Separate House,530.0
2025-01-10,TAS,WEST MOONAH,7009,3,Separate House,650.0
2025-02-01,TAS,TREVALLYN,7250,1,Separate House,350.0
2025-01-22,TAS,INVERMAY,7248,1,Apartment,249.0
2025-02-04,TAS,INVERMAY,7248,2,Separate House,425.0
2025-01-30,TAS,OTAGO,7017,4,Separate House,600.0
2025-01-22,TAS,GRANTON,7030,2,Unit,300.0
2025-02-03,TAS,HOBART,7000,1,Apartment,320.0
2025-02-07,TAS,BERRIEDALE,7011,3,Separate House,450.0
2025-02-07,TAS,MARGATE,7054,2,Unit,450.0
2025-01-17,TAS,BERRIEDALE,7011,3,Separate House,555.0
2025-01-21,TAS,MIDWAY POINT,7171,2,Townhouse,480.0
2025-01-30,TAS,GLENORCHY,7010,3,Separate House,500.0
2024-02-10,TAS,BICHENO,7215,4,Separate House,450.0
2024-01-22,TAS,ROKEBY,7019,3,Unit,615.0
2025-01-22,TAS,NEWSTEAD,7250,2,Flat,400.0
2025-02-17,TAS,LYMINGTON,7109,3,Separate House,450.0
2025-01-31,TAS,CLAREMONT,7011,3,Separate House,400.0
2025-01-31,TAS,DERWENT PARK,7009,3,Separate House,540.0
2025-01-17,TAS,NORTH MOTTON,7315,3,Separate House,490.0
2025-01-16,TAS,SOUTH HOBART,7004,5,Separate House,750.0
2025-02-24,TAS,TRANMERE,7018,3,Unit,640.0
2025-02-03,TAS,HOBART,7000,1,Apartment,320.0
2025-02-10,TAS,MONTELLO,7320,5,Separate House,500.0
2025-01-21,TAS,WEST ULVERSTONE,7315,3,Separate House,315.0
2025-01-10,TAS,WAVERLEY,7250,3,Separate House,300.0
2025-01-18,TAS,MOWBRAY,7248,2,Unit,385.0
2025-01-21,TAS,PORT SORELL,7307,3,Unit,500.0
2025-01-20,TAS,LENAH VALLEY,7008,2,Unit,470.0
2024-12-24,TAS,SOUTH LAUNCESTON,7249,3,Separate House,424.0
2025-02-07,TAS,LENAH VALLEY,7008,3,Separate House,695.0
2025-01-22,TAS,MARGATE,7054,3,Separate House,575.0
2025-01-30,TAS,MOONAH,7009,3,Separate House,560.0
2025-01-24,TAS,WEST ULVERSTONE,7315,3,Separate House,370.0
2025-01-18,TAS,KINGSTON,7050,2,Townhouse,460.0
2025-01-22,TAS,DEVONPORT,7310,2,Unit,390.0
2025-01-24,TAS,QUEENSTOWN,7467,3,Separate House,390.0
2025-02-07,TAS,SANDY BAY,7005,2,Unit,535.0
2025-01-08,TAS,WEST ULVERSTONE,7315,3,Separate House,370.0
2025-02-03,TAS,HOBART,7000,1,Apartment,320.0
2025-01-14,TAS,PENGUIN,7316,3,Separate House,410.0
2025-02-18,TAS,BELLERIVE,7018,3,Separate House,520.0
2025-02-06,TAS,WEST MOONAH,7009,3,Separate House,580.0
2025-02-24,TAS,KINGSTON,7050,2,Separate House,530.0
2025-01-30,TAS,NORTH HOBART,7000,4,Separate House,870.0
2024-01-13,TAS,LAUNCESTON,7250,2,Townhouse,430.0
2025-01-20,TAS,MIANDETTA,7310,2,Unit,410.0
2025-01-20,TAS,SANDY BAY,7005,3,Townhouse,600.0
2025-02-24,TAS,WYNYARD,7325,3,Separate House,450.0
2025-02-11,TAS,HUNTINGFIELD,7055,3,Separate House,650.0
2025-01-15,TAS,EAST DEVONPORT,7310,2,Unit,236.49
2025-02-03,TAS,MONTROSE,7010,3,Separate House,540.0
2025-02-03,TAS,SOMERSET,7322,3,Unit,465.0
2025-03-14,TAS,INVERMAY,7248,3,Separate House,430.0
2025-02-07,TAS,GLENORCHY,7010,2,Unit,430.0
2025-01-17,TAS,CHIGWELL,7011,1,Unit,268.0
2025-02-04,TAS,CYGNET,7112,1,Unit,390.0
2025-01-23,TAS,PONTVILLE,7030,3,Separate House,485.0
2025-01-28,TAS,CLARENDON VALE,7019,2,Separate House,371.22
2025-02-22,TAS,TRANMERE,7018,2,Flat,625.0
2025-01-31,TAS,NEWNHAM,7248,3,Separate House,420.0
2025-01-22,TAS,INVERMAY,7248,1,Apartment,249.0
2025-01-31,TAS,NORWOOD,7250,2,Unit,375.0
2025-02-13,TAS,KINGSTON,7050,2,Unit,500.0
2025-01-21,TAS,EAST DEVONPORT,7310,1,Flat,220.0
2025-01-17,TAS,GEORGE TOWN,7253,3,Separate House,410.0
2025-01-24,TAS,CLARENDON VALE,7019,2,Separate House,500.0
2025-01-22,TAS,BLACKMANS BAY,7052,2,Separate House,525.0
2025-02-26,TAS,NEW NORFOLK,7140,3,Unit,460.0
2025-01-24,TAS,SOUTH LAUNCESTON,7249,2,Separate House,425.0
2025-03-22,TAS,WEST HOBART,7000,2,Separate House,520.0
2025-01-15,TAS,PERTH,7300,3,Separate House,460.0
2025-01-24,TAS,LINDISFARNE,7015,4,Separate House,685.0
2025-02-03,TAS,BERRIEDALE,7011,3,Separate House,495.0
2025-02-04,TAS,ROKEBY,7019,3,Separate House,640.0
2025-01-24,TAS,EAST LAUNCESTON,7250,5,Separate House,800.0
2025-01-07,TAS,OAKDOWNS,7019,3,Separate House,560.0
2025-01-13,TAS,ST HELENS,7216,3,Separate House,335.0
2025-03-01,TAS,SOUTH HOBART,7004,2,Townhouse,700.0
2025-01-09,TAS,MIANDETTA,7310,1,Flat,300.0
2025-01-20,TAS,SOUTH LAUNCESTON,7249,3,Separate House,550.0
2025-01-29,TAS,LENAH VALLEY,7008,2,Unit,395.0
2025-01-24,TAS,WEST MOONAH,7009,3,Separate House,600.0
2025-01-20,TAS,GLENORCHY,7010,2,Unit,520.0
2025-02-18,TAS,DEVONPORT,7310,4,Separate House,430.0
2025-01-24,TAS,NEWSTEAD,7250,3,Separate House,550.0
2025-01-23,TAS,PARK GROVE,7320,2,Unit,485.0
2025-02-07,TAS,WEST LAUNCESTON,7250,4,Separate House,490.0
2025-01-24,TAS,WEST LAUNCESTON,7250,2,Apartment,395.0
2024-10-17,TAS,DELORAINE,7304,3,Separate House,450.0
2025-01-17,TAS,LINDISFARNE,7015,2,Separate House,550.0
2025-01-28,TAS,ST LEONARDS,7250,2,Unit,390.0
2025-01-22,TAS,RIVERSIDE,7250,3,Unit,580.0
2025-01-25,TAS,NEW TOWN,7008,2,Unit,430.0
2025-01-27,TAS,WEST LAUNCESTON,7250,2,Separate House,600.0
2025-02-04,TAS,PENGUIN,7316,3,Separate House,580.0
2025-01-30,TAS,FORTH,7310,3,Separate House,420.0
2025-02-21,TAS,RIVERSIDE,7250,1,Apartment,310.0
2025-02-03,TAS,HOBART,7000,1,Apartment,320.0
2025-02-12,TAS,ROKEBY,7019,3,Separate House,600.0
2025-02-07,TAS,SANDY BAY,7005,3,Separate House,630.0
2025-01-10,TAS,ROSNY,7018,4,Separate House,795.0
2025-01-31,TAS,GLENORCHY,7010,3,Separate House,480.0
2025-01-10,TAS,BRACKNELL,7302,3,Separate House,500.0
2025-01-02,TAS,ULVERSTONE,7315,3,Unit,450.0
2025-01-14,TAS,WEST MOONAH,7009,1,Unit,300.0
2025-01-17,TAS,KINGSTON BEACH,7050,4,Separate House,595.0
2025-01-29,TAS,INVERMAY,7248,3,Unit,680.0
2025-01-24,TAS,HOBART,7000,1,Unit,355.0
2025-01-21,TAS,GLENORCHY,7010,3,Separate House,675.0
2024-11-29,TAS,LANENA,7275,4,Separate House,550.0
2025-02-04,TAS,RAVENSWOOD,7250,1,Unit,290.0
2024-06-17,TAS,LAUNCESTON,7250,2,Unit,300.0
2025-02-07,TAS,UPPER BURNIE,7320,3,Separate House,450.0
2025-01-20,TAS,NEWNHAM,7248,2,Separate House,460.0
2025-01-31,TAS,EVANDALE,7212,3,Separate House,530.0
2025-02-07,TAS,EAST LAUNCESTON,7250,2,Separate House,525.0
2025-01-15,TAS,BATTERY POINT,7004,2,Separate House,550.0
2025-01-20,TAS,SANDY BAY,7005,1,Apartment,295.0
2025-01-31,TAS,KINGSTON,7050,3,Separate House,575.0
2025-02-03,TAS,WEST HOBART,7000,3,Separate House,650.0
2025-01-13,TAS,LAUNCESTON,7250,2,Townhouse,530.0
2025-02-05,TAS,NEWSTEAD,7250,3,Separate House,450.0
2025-01-22,TAS,WEST LAUNCESTON,7250,2,Unit,360.0
2025-02-02,TAS,NATIONAL PARK,7140,2,Separate House,350.0
2025-02-21,TAS,PENGUIN,7316,2,Unit,460.0
2025-02-04,TAS,SANDY BAY,7005,1,Unit,400.0
2025-01-10,TAS,NEWNHAM,7248,2,Separate House,480.0
2025-01-20,TAS,LENAH VALLEY,7008,3,Separate House,650.0
2025-01-20,TAS,COOEE,7320,3,Separate House,450.0
2025-02-07,TAS,DEVONPORT,7310,2,Separate House,425.0
2025-02-24,TAS,TREVALLYN,7250,3,Separate House,500.0
2025-01-17,TAS,CLAREMONT,7011,3,Separate House,485.0
2025-01-13,TAS,LEGANA,7277,3,Separate House,650.0
2025-01-17,TAS,WEST HOBART,7000,1,Flat,480.0
2025-01-17,TAS,NEWNHAM,7248,2,Unit,240.0
2025-01-13,TAS,LONGFORD,7301,3,Separate House,490.0
2025-01-30,TAS,WAVERLEY,7250,1,Unit,238.5
2025-01-11,TAS,GLENORCHY,7010,2,Unit,405.0
2025-01-30,TAS,ROKEBY,7019,2,Unit,550.0
2025-02-06,TAS,LENAH VALLEY,7008,2,Unit,390.0
2025-01-11,TAS,NORTH HOBART,7000,3,Separate House,550.0
2025-01-23,TAS,PARKLANDS,7320,3,Separate House,370.0
2025-01-14,TAS,MOUNT STUART,7000,1,Unit,380.0
2025-01-31,TAS,HOBART,7000,3,Apartment,900.0
2025-01-19,TAS,MOWBRAY,7248,4,Apartment,175.0
2025-01-18,TAS,NEWSTEAD,7250,2,Unit,380.0
2025-01-24,TAS,NORTH HOBART,7000,1,Unit,123.0
2025-02-06,TAS,INVERMAY,7248,6,Separate House,790.0
2025-01-08,TAS,KINGSTON,7050,3,Townhouse,540.0
2025-01-14,TAS,WEST HOBART,7000,4,Separate House,720.0
2025-02-01,TAS,SOUTH HOBART,7004,1,Separate House,400.0
2025-01-21,TAS,SANDY BAY,7005,2,Separate House,550.0
2025-02-10,TAS,LEGANA,7277,2,Unit,520.0
2025-01-14,TAS,NEW TOWN,7008,1,Unit,297.8
2025-02-21,TAS,SANDY BAY,7005,2,Apartment,600.0
2025-01-13,TAS,SCOTTSDALE,7260,3,Separate House,390.0
2025-02-05,TAS,HOBART,7000,1,Apartment,320.0
2025-01-17,TAS,ELLIOTT,7325,3,Separate House,425.0
2025-02-11,TAS,BEAUTY POINT,7270,2,Separate House,400.0
2024-01-07,TAS,HUONVILLE,7109,2,Unit,236.0
2025-01-29,TAS,KINGSTON,7050,3,Separate House,600.0
2025-02-07,TAS,SOUTH HOBART,7004,2,Unit,560.0
2025-01-16,TAS,MONTAGU BAY,7018,3,Townhouse,700.0
2025-01-31,TAS,LOTTAH,7216,2,Separate House,385.0
2025-01-21,TAS,RIVERSIDE,7250,2,Separate House,460.0
2025-02-24,TAS,HUONVILLE,7109,3,Unit,465.0
2025-01-20,TAS,TREVALLYN,7250,4,Separate House,780.0
2025-02-03,TAS,INVERMAY,7248,1,Apartment,249.0
2025-02-14,TAS,SCOTTSDALE,7260,3,Separate House,385.0
2025-01-31,TAS,WESTBURY,7303,2,Separate House,420.0
2025-01-29,TAS,DEVONPORT,7310,4,Separate House,575.0
2025-02-03,TAS,DEVONPORT,7310,2,Unit,550.0
2025-01-17,TAS,WEST HOBART,7000,1,Townhouse,460.0
2025-01-21,TAS,RIVERSIDE,7250,3,Unit,580.0
2025-01-24,TAS,ROKEBY,7019,3,Separate House,520.0
2025-01-18,TAS,CLAREMONT,7011,4,Separate House,500.0
2025-01-24,TAS,LAUNCESTON,7250,2,Separate House,550.0
2025-01-29,TAS,WEST ULVERSTONE,7315,2,Unit,276.0
2024-12-16,TAS,CLAREMONT,7011,2,Separate House,430.0
2025-01-14,TAS,PARK GROVE,7320,3,Separate House,500.0
2025-02-07,TAS,NEW TOWN,7008,3,Townhouse,600.0
2025-02-03,TAS,OPOSSUM BAY,7023,3,Separate House,750.0
2025-01-31,TAS,WEST MOONAH,7009,2,Unit,530.0
2025-01-28,TAS,TAROONA,7053,2,Unit,450.0
2025-01-31,TAS,EAST DEVONPORT,7310,3,Separate House,299.78
2025-01-31,TAS,TREVALLYN,7250,3,Separate House,460.0
2025-02-04,TAS,KINGSTON BEACH,7050,3,Townhouse,700.0
2025-01-22,TAS,MOUNT STUART,7000,3,Separate House,715.0
2025-01-23,TAS,BRIDGEWATER,7030,1,Unit,175.0
2025-01-31,TAS,NEWSTEAD,7250,2,Unit,400.0
2025-01-20,TAS,MARGATE,7054,3,Separate House,700.0
2025-01-31,TAS,WEST HOBART,7000,1,Unit,385.0
2025-02-06,TAS,NORTH HOBART,7000,3,Separate House,560.0
2025-01-27,TAS,DYNNYRNE,7005,3,Unit,700.0
2025-02-11,TAS,ULVERSTONE,7315,4,Separate House,460.0
2025-01-24,TAS,NORTH HOBART,7000,2,Separate House,565.0
2025-03-07,TAS,OLD BEACH,7017,3,Separate House,530.0
2025-02-05,TAS,SOUTH HOBART,7004,1,Separate House,320.0
2025-01-10,TAS,PERTH,7300,3,Unit,550.0
2025-02-07,TAS,PERTH,7300,2,Separate House,480.0
2025-01-16,TAS,LATROBE,7307,1,Unit,350.0
2025-01-13,TAS,WEST MOONAH,7009,3,Separate House,625.0
2025-01-28,TAS,WEST MOONAH,7009,3,Separate House,550.0
2025-01-24,TAS,RIVERSIDE,7250,3,Separate House,450.0
2025-01-21,TAS,ROSETTA,7010,3,Separate House,540.0
2025-01-13,TAS,MOOREVILLE,7321,3,Separate House,560.0
2025-01-10,TAS,NEWNHAM,7248,3,Separate House,480.0
2025-02-21,TAS,ROKEBY,7019,3,Separate House,620.0
2025-01-13,TAS,HOWRAH,7018,2,Unit,320.0
2025-02-03,TAS,INVERMAY,7248,1,Apartment,249.0
2025-03-06,TAS,BATTERY POINT,7004,3,Separate House,850.0
2025-01-22,TAS,NEWSTEAD,7250,3,Separate House,570.0
2025-01-17,TAS,DYNNYRNE,7005,2,Separate House,520.0
2025-01-17,TAS,DEVONPORT,7310,3,Separate House,470.0
2025-02-07,TAS,BERRIEDALE,7011,3,Separate House,580.0
2025-02-24,TAS,PROSPECT,7250,3,Separate House,550.0
2025-01-17,TAS,OCEAN VISTA,7320,2,Separate House,420.0
2025-01-03,TAS,ULVERSTONE,7315,2,Unit,217.0
2025-01-10,TAS,BRIGHTON,7030,3,Unit,560.0
2025-01-22,TAS,CLAREMONT,7011,1,Unit,490.0
2025-01-28,TAS,NEWNHAM,7248,3,Separate House,510.0
2025-02-20,TAS,KINGSTON,7050,2,Unit,390.0
2025-02-07,TAS,SANDY BAY,7005,4,Separate House,735.0
2025-02-01,TAS,LENAH VALLEY,7008,3,Separate House,780.0
2025-01-20,TAS,HOBART,7000,1,Apartment,550.0
2025-01-24,TAS,BRIGHTON,7030,2,Separate House,400.0
2025-02-11,TAS,LAUDERDALE,7021,3,Separate House,660.0
2025-01-28,TAS,NEWSTEAD,7250,3,Unit,480.0
2025-01-31,TAS,GEORGE TOWN,7253,3,Separate House,410.0
2025-02-26,TAS,SOUTH HOBART,7004,1,Unit,430.0
2024-01-31,TAS,BERRIEDALE,7011,3,Separate House,525.0
2025-02-03,TAS,HOBART,7000,3,Apartment,1200.0
2025-02-05,TAS,PORT HUON,7116,2,Separate House,410.0
2025-02-03,TAS,MOONAH,7009,1,Separate House,660.0
2025-01-27,TAS,LUTANA,7009,3,Unit,560.0
2025-01-11,TAS,GLENORCHY,7010,2,Apartment,410.0
2025-02-17,TAS,LAUNCESTON,7250,2,Separate House,600.0
2025-02-10,TAS,LEGANA,7277,3,Separate House,700.0
2024-12-19,TAS,CRESSY,7302,5,Separate House,850.0
2025-02-14,TAS,ST LEONARDS,7250,3,Unit,390.0
2025-01-23,TAS,PONTVILLE,7030,4,Separate House,600.0
2025-02-12,TAS,ROSETTA,7010,4,Separate House,590.0
2025-01-20,TAS,OAKDOWNS,7019,3,Unit,580.0
2025-01-16,TAS,RIVERSIDE,7250,4,Separate House,600.0
2024-11-04,TAS,CYGNET,7112,3,Separate House,450.0
2025-01-17,TAS,WEST HOBART,7000,1,Unit,260.0
2025-01-20,TAS,BLACKMANS BAY,7052,2,Unit,220.0
2025-02-14,TAS,SOUTH HOBART,7004,1,Unit,420.0
2025-02-03,TAS,MORNINGTON,7018,3,Separate House,480.0
2025-01-10,TAS,SORELL,7172,3,Separate House,570.0
2025-01-24,TAS,RIVERSIDE,7250,2,Separate House,440.0
2025-01-21,TAS,BATTERY POINT,7004,2,Unit,540.0
2025-01-10,TAS,SUMMERHILL,7250,2,Unit,162.43
2025-01-17,TAS,HOBART,7000,1,Unit,355.0
2025-01-17,TAS,ROKEBY,7019,3,Unit,620.0
2025-01-27,TAS,INVERMAY,7248,1,Apartment,249.0
2025-01-06,TAS,ACTON,7320,3,Separate House,350.0
2025-02-14,TAS,PERTH,7300,2,Separate House,475.0
2025-01-31,TAS,LUTANA,7009,3,Separate House,595.0
2025-02-03,TAS,WYNYARD,7325,3,Separate House,425.0
2025-01-30,TAS,SMITHTON,7330,2,Unit,50.0
2025-01-10,TAS,LORINNA,7306,4,Separate House,440.0
2025-01-15,TAS,BLACKMANS BAY,7052,4,Separate House,650.0
2025-01-22,TAS,RIVERSIDE,7250,1,Unit,330.0
2025-02-26,TAS,SOUTH HOBART,7004,2,Apartment,5000.0
2025-02-03,TAS,HOBART,7000,1,Apartment,320.0
2025-02-07,TAS,PERTH,7300,2,Separate House,490.0
2025-01-17,TAS,KINGSTON,7050,3,Separate House,550.0
2025-01-13,TAS,HOBART,7000,2,Apartment,850.0
2025-01-28,TAS,WYNYARD,7325,2,Unit,375.0
2025-02-03,TAS,CHIGWELL,7011,3,Separate House,550.0
2025-01-24,TAS,GLENORCHY,7010,2,Unit,460.0
2025-01-21,TAS,GLENORCHY,7010,4,Separate House,610.0
2025-01-22,TAS,GAGEBROOK,7030,2,Separate House,236.0
2025-01-31,TAS,ROCHERLEA,7248,2,Unit,258.02
2025-01-31,TAS,MOWBRAY,7248,4,Separate House,550.0
2025-01-06,TAS,WEST HOBART,7000,3,Semi-detached,650.0
2025-03-04,TAS,BATTERY POINT,7004,2,Apartment,650.0
2025-01-25,TAS,MOUNT NELSON,7007,2,Unit,350.0
2025-01-15,TAS,MIANDETTA,7310,3,Separate House,530.0
2024-02-03,TAS,HOBART,7000,1,Apartment,320.0
2025-02-03,TAS,RIVERSIDE,7250,1,Unit,290.0
2025-01-25,TAS,WEST HOBART,7000,2,Unit,530.0
2025-02-06,TAS,SOUTH LAUNCESTON,7249,2,Apartment,300.0
2025-02-03,TAS,NORTH HOBART,7000,3,Separate House,600.0
2024-12-20,TAS,KINGSTON,7050,2,Separate House,420.0
2025-02-10,TAS,CLAREMONT,7011,2,Unit,425.0
2025-02-18,TAS,DYNNYRNE,7005,1,Separate House,400.0
2025-01-22,TAS,BRIDPORT,7262,3,Separate House,490.0
2025-01-14,TAS,BELLERIVE,7018,2,Unit,470.0
2025-01-24,TAS,EAST DEVONPORT,7310,3,Separate House,460.0
2025-02-24,TAS,GLENORCHY,7010,2,Unit,615.0
2025-02-04,TAS,HOBART,7000,1,Apartment,320.0
2025-02-10,TAS,NEW TOWN,7008,3,Unit,330.0
2025-01-21,TAS,DEVONPORT,7310,3,Unit,450.0
2025-02-14,TAS,NEW TOWN,7008,3,Separate House,600.0
2025-02-07,TAS,CLAREMONT,7011,2,Unit,320.0
2025-01-17,TAS,GEORGE TOWN,7253,2,Apartment,600.0
2025-01-28,TAS,ROSETTA,7010,3,Separate House,500.0
2025-01-29,TAS,DEVONPORT,7310,3,Separate House,470.0
2025-02-07,TAS,SOUTH HOBART,7004,1,Apartment,575.0
2025-02-07,TAS,NEWNHAM,7248,3,Separate House,500.0
2025-01-28,TAS,WEST HOBART,7000,1,Apartment,465.0
2025-02-03,TAS,INVERMAY,7248,1,Apartment,249.0
2025-02-03,TAS,WEST HOBART,7000,3,Separate House,595.0
2025-02-04,TAS,HOBART,7000,1,Apartment,320.0
2025-01-20,TAS,LINDISFARNE,7015,1,Townhouse,450.0
2025-01-13,TAS,GLENORCHY,7010,2,Separate House,480.0
2025-01-28,TAS,DYNNYRNE,7005,2,Unit,475.0
2025-01-20,TAS,SORELL,7172,3,Unit,270.0
2025-01-31,TAS,BRIDPORT,7262,3,Separate House,450.0
2025-03-22,TAS,BRIGHTON,7030,3,Unit,550.0
2025-02-01,TAS,HOWRAH,7018,2,Flat,450.0
2025-02-07,TAS,WEST ULVERSTONE,7315,2,Unit,370.0
2025-01-10,TAS,WEST ULVERSTONE,7315,2,Unit,236.49
2025-01-20,TAS,LEGANA,7277,2,Semi-detached,490.0
2025-01-15,TAS,SOUTH HOBART,7004,3,Separate House,530.0
2025-01-31,TAS,BERRIEDALE,7011,3,Separate House,500.0
2025-01-22,TAS,MOONAH,7009,1,Unit,395.0
2025-01-27,TAS,TAROONA,7053,5,Flat,350.0
2025-01-08,TAS,BERRIEDALE,7011,3,Separate House,480.0
2025-01-13,TAS,ST HELENS,7216,2,Unit,230.0
2025-02-06,TAS,BATTERY POINT,7004,2,Terrace,575.0
2025-02-24,TAS,MOUNT NELSON,7007,2,Unit,500.0
2025-01-24,TAS,EAST RIDGLEY,7321,3,Separate House,460.0
2025-01-17,TAS,NEW TOWN,7008,1,Unit,400.0
2025-01-24,TAS,INVERMAY,7248,2,Separate House,490.0
2025-02-03,TAS,SOUTH LAUNCESTON,7249,3,Separate House,485.0
2025-01-04,TAS,SOUTH HOBART,7004,3,Separate House,525.0
2025-01-10,TAS,LAUDERDALE,7021,3,Separate House,620.0
2025-01-10,TAS,HOBART,7000,2,Apartment,850.0
2025-02-14,TAS,SOUTH LAUNCESTON,7249,3,Separate House,530.0
2025-02-07,TAS,SANDY BAY,7005,3,Separate House,670.0
2025-01-20,TAS,TULLAH,7321,3,Separate House,190.0
2025-01-24,TAS,GEILSTON BAY,7015,3,Separate House,595.0
2024-12-28,TAS,NEWNHAM,7248,3,Separate House,360.0
2025-02-06,TAS,ROKEBY,7019,3,Separate House,590.0
2025-01-10,TAS,WEST HOBART,7000,2,Separate House,730.0
2025-02-18,TAS,NEW TOWN,7008,2,Unit,480.0
2025-01-11,TAS,LUTANA,7009,1,Unit,300.0
2025-02-04,TAS,WEST LAUNCESTON,7250,3,Separate House,590.0
2025-01-31,TAS,GLENORCHY,7010,2,Unit,615.0
2025-02-04,TAS,ST HELENS,7216,3,Unit,285.0
2025-01-29,TAS,TREVALLYN,7250,3,Separate House,650.0
2025-01-27,TAS,EAST LAUNCESTON,7250,4,Separate House,700.0
2025-01-30,TAS,DEVONPORT,7310,3,Separate House,350.0
2025-01-13,TAS,GUNNS PLAINS,7315,2,Separate House,330.0
2025-01-23,TAS,LAUNCESTON,7250,1,Unit,198.47
2025-01-31,TAS,CLARENDON VALE,7019,3,Separate House,510.0
2025-01-29,TAS,NEW TOWN,7008,2,Unit,450.0
2025-01-14,TAS,GEILSTON BAY,7015,4,Separate House,700.0
2025-01-17,TAS,ROKEBY,7019,3,Separate House,450.0
2025-02-05,TAS,SUMMERHILL,7250,3,Separate House,470.0
2025-01-31,TAS,HOWRAH,7018,3,Separate House,580.0
2025-01-28,TAS,GEILSTON BAY,7015,3,Separate House,500.0
2025-02-17,TAS,SWANSEA,7190,3,Unit,380.0
2024-01-13,TAS,RIVERSIDE,7250,1,Unit,310.0
2025-01-11,TAS,SANDY BAY,7005,1,Unit,335.0
2025-01-15,TAS,LAUNCESTON,7250,2,Unit,470.0
2025-02-07,TAS,ROKEBY,7019,2,Unit,595.0
2025-02-05,TAS,WARRANE,7018,3,Separate House,550.0
2025-02-14,TAS,MOUNT NELSON,7007,1,Unit,420.0
2025-02-07,TAS,NEWSTEAD,7250,3,Separate House,500.0
2025-01-18,TAS,CLAREMONT,7011,3,Unit,575.0
2025-02-03,TAS,EAST LAUNCESTON,7250,3,Separate House,450.0
2025-01-08,TAS,GEORGE TOWN,7253,1,Unit,220.0
2025-01-27,TAS,MOONAH,7009,2,Semi-detached,530.0
2025-01-19,TAS,HOWRAH,7018,5,Separate House,900.0
2025-02-01,TAS,SHEARWATER,7307,3,Separate House,500.0
2025-01-13,TAS,LAUNCESTON,7250,2,Separate House,495.0
2025-02-14,TAS,BONNET HILL,7053,3,Separate House,515.0
2025-02-14,TAS,LINDISFARNE,7015,4,Separate House,290.0
2025-01-17,TAS,TREVALLYN,7250,3,Separate House,490.0
2025-01-07,TAS,ULVERSTONE,7315,2,Unit,320.0
2025-02-19,TAS,WEST HOBART,7000,3,Separate House,620.0
2025-01-04,TAS,WEST LAUNCESTON,7250,3,Separate House,500.0
2025-01-31,TAS,CARLTON,7173,3,Separate House,560.0
2025-01-30,TAS,HOWRAH,7018,3,Separate House,590.0
2025-01-05,TAS,PROSPECT VALE,7250,3,Separate House,350.0
2025-01-23,TAS,LINDISFARNE,7015,3,Separate House,625.0
2025-02-07,TAS,LINDISFARNE,7015,3,Separate House,550.0
2025-02-07,TAS,SANDY BAY,7005,2,Flat,450.0
2025-02-03,TAS,NEWSTEAD,7250,3,Separate House,450.0
2025-02-03,TAS,MONTROSE,7010,3,Separate House,660.0
2025-01-17,TAS,MIDWAY POINT,7171,3,Separate House,610.0
2025-03-03,TAS,EAST LAUNCESTON,7250,2,Unit,385.0
2025-01-21,TAS,PENGUIN,7316,4,Separate House,500.0
2025-01-31,TAS,BIRCHS BAY,7162,4,Separate House,650.0
2025-01-23,TAS,WEST HOBART,7000,2,Separate House,500.0
2025-01-31,TAS,WEST HOBART,7000,3,Apartment,580.0
2024-12-05,TAS,ROKEBY,7019,2,Separate House,301.93
2025-02-07,TAS,BRIDGEWATER,7030,2,Unit,400.0
2024-05-03,TAS,CURRIE,7256,1,Separate House,235.0
2025-02-05,TAS,HOBART,7000,1,Apartment,320.0
2025-01-24,TAS,LUTANA,7009,3,Separate House,550.0
2025-01-15,TAS,OLD BEACH,7017,4,Separate House,595.0
2025-01-07,TAS,CHIGWELL,7011,2,Unit,264.0
2025-01-25,TAS,BLACKMANS BAY,7052,3,Separate House,595.0
2025-01-31,TAS,SANDY BAY,7005,2,Apartment,600.0
2025-01-24,TAS,PARK GROVE,7320,4,Separate House,460.0
2025-01-27,TAS,RIVERSIDE,7250,4,Separate House,640.0
2025-01-23,TAS,DEVONPORT,7310,4,Separate House,460.0
2025-01-24,TAS,DEVONPORT,7310,2,Townhouse,340.0
2025-01-16,TAS,DEVONPORT,7310,1,Unit,460.0
2025-02-03,TAS,HAMILTON,7140,3,Separate House,320.0
2025-01-16,TAS,BINALONG BAY,7216,3,Separate House,425.0
2025-02-10,TAS,PARK GROVE,7320,4,Separate House,465.0
2025-01-29,TAS,DEVONPORT,7310,2,Unit,140.0
2025-01-29,TAS,TRANMERE,7018,3,Unit,720.0
2025-02-05,TAS,GLENORCHY,7010,3,Unit,500.0
2025-02-08,TAS,GLENORCHY,7010,2,Unit,425.0
2025-01-10,TAS,GEILSTON BAY,7015,3,Separate House,520.0
2025-01-23,TAS,CLARENDON VALE,7019,3,Separate House,420.0
2025-01-13,TAS,YOUNGTOWN,7249,3,Separate House,530.0
2025-01-10,TAS,NEW NORFOLK,7140,3,Separate House,420.0
2024-12-20,TAS,NEW TOWN,7008,1,Unit,350.0
2025-01-09,TAS,WHITEMORE,7303,3,Separate House,280.0
2025-01-31,TAS,WEST LAUNCESTON,7250,2,Unit,410.0
2025-01-20,TAS,ROSETTA,7010,3,Separate House,550.0
2025-02-06,TAS,SUMMERHILL,7250,3,Separate House,540.0
2025-01-31,TAS,DEVONPORT,7310,3,Unit,410.0
2025-01-27,TAS,MOUNT STUART,7000,2,Separate House,500.0
2025-02-28,TAS,SOUTH HOBART,7004,2,Separate House,570.0
2025-01-20,TAS,ROSNY,7018,5,Separate House,800.0
2025-01-10,TAS,WEST ULVERSTONE,7315,3,Separate House,475.0
2025-02-21,TAS,LENAH VALLEY,7008,4,Separate House,850.0
2025-01-13,TAS,OYSTER COVE,7150,1,Separate House,360.0
2025-01-28,TAS,WEST LAUNCESTON,7250,2,Townhouse,750.0
2025-02-10,TAS,SHEFFIELD,7306,3,Townhouse,400.0
2025-02-06,TAS,DELORAINE,7304,3,Separate House,440.0
2025-02-03,TAS,INVERMAY,7248,1,Apartment,249.0
2025-01-24,TAS,GLENORCHY,7010,3,Separate House,550.0
2025-01-12,TAS,DYNNYRNE,7005,3,Unit,550.0
2025-02-03,TAS,GLENORCHY,7010,2,Separate House,510.0
2025-01-10,TAS,SANDY BAY,7005,3,Separate House,700.0
2025-01-31,TAS,WEST MOONAH,7009,2,Unit,430.0
2025-01-25,TAS,TAROONA,7053,1,Flat,320.0
2025-02-05,TAS,HERDSMANS COVE,7030,3,Separate House,450.0
2025-01-31,TAS,BATTERY POINT,7004,3,Separate House,850.0
2025-02-14,TAS,ULVERSTONE,7315,3,Separate House,490.0
2025-02-01,TAS,GEORGE TOWN,7253,1,Separate House,310.0
2025-01-17,TAS,LAUNCESTON,7250,1,Flat,280.0
2025-01-18,TAS,NORWOOD,7250,3,Separate House,500.0
2025-01-31,TAS,TRIABUNNA,7190,3,Separate House,500.0
2025-01-23,TAS,WYNYARD,7325,4,Separate House,600.0
2025-01-31,TAS,SORELL,7172,4,Separate House,620.0
2025-02-06,TAS,SOUTH HOBART,7004,3,Separate House,600.0
2025-01-30,TAS,NEW TOWN,7008,1,Unit,450.0
2024-01-13,TAS,MIDWAY POINT,7171,5,Separate House,780.0
2025-01-07,TAS,BATTERY POINT,7004,5,Separate House,195.0
2025-01-04,TAS,YOUNGTOWN,7249,4,Separate House,710.0
2024-12-23,TAS,SMITHTON,7330,3,Separate House,390.0
2025-01-24,TAS,AUSTINS FERRY,7011,2,Separate House,470.0
2025-01-28,TAS,NEWSTEAD,7250,3,Separate House,1300.0
2025-01-14,TAS,GLENORCHY,7010,1,Unit,470.0
2025-02-23,TAS,BLACKMANS BAY,7052,2,Unit,475.0
2024-12-30,TAS,MOWBRAY,7248,3,Separate House,550.0
2025-01-31,TAS,GRASSY,7256,1,Flat,270.0
2025-01-31,TAS,WYNYARD,7325,3,Separate House,450.0
2025-01-24,TAS,PORT HUON,7116,3,Separate House,295.0
2025-01-28,TAS,GLENORCHY,7010,2,Unit,350.0
2025-01-20,TAS,MONTROSE,7010,1,Unit,260.0
2025-03-03,TAS,MOUNT STUART,7000,3,Separate House,625.0
2025-02-10,TAS,WYNYARD,7325,3,Separate House,500.0
2025-01-31,TAS,HOWRAH,7018,3,Separate House,600.0
2025-01-16,TAS,RIVERSIDE,7250,2,Separate House,315.0
2025-01-15,TAS,STONY RISE,7310,4,Separate House,530.0
2025-01-27,TAS,STONY RISE,7310,3,Separate House,605.0
2025-01-16,TAS,LAUNCESTON,7250,1,Unit,425.0
2025-01-30,TAS,PROSPECT VALE,7250,1,Unit,310.0
2025-01-30,TAS,EAGLEHAWK NECK,7179,3,Separate House,400.0
2025-01-24,TAS,BRIGHTON,7030,3,Unit,500.0
2025-01-18,TAS,INVERMAY,7248,5,Separate House,170.0
2025-01-30,TAS,CLAREMONT,7011,2,Unit,440.0
2025-02-18,TAS,SANDY BAY,7005,3,Separate House,600.0
2025-01-24,TAS,FERN TREE,7054,1,Separate House,480.0
2025-02-13,TAS,SOUTH LAUNCESTON,7249,2,Flat,380.0
2025-01-24,TAS,MOWBRAY,7248,3,Separate House,450.0
2025-01-08,TAS,CHIGWELL,7011,1,Unit,90.0
2025-01-31,TAS,MOWBRAY,7248,2,Unit,460.0
2025-01-15,TAS,HERDSMANS COVE,7030,2,Unit,400.0
2025-01-23,TAS,DEVONPORT,7310,3,Separate House,420.0
2025-01-08,TAS,NEW NORFOLK,7140,2,Unit,291.0
2025-01-14,TAS,GLENORCHY,7010,2,Separate House,490.0
2025-01-21,TAS,SOUTH HOBART,7004,1,Apartment,380.0
2025-02-03,TAS,KINGSTON BEACH,7050,6,Separate House,850.0
2025-02-11,TAS,BLACKMANS BAY,7052,2,Unit,495.0
2025-02-07,TAS,LONGFORD,7301,4,Separate House,750.0
2025-01-31,TAS,PARK GROVE,7320,4,Separate House,600.0
2025-02-03,TAS,HOBART,7000,1,Apartment,320.0
